CORE_PRODUCT_ID,AVAILABILITY_PK,ALTERNATE_ID_TYPE_1,ALTERNATE_ID_VALUE_1,ALTERNATE_ID_TYPE_2,ALTERNATE_ID_VALUE_2,TITLE,COPYRIGHT_HOLDER,AIELIGIBILITY_SET,PRODUCT_TYPE,COPYRIGHT_HOLDER_DISPLAY_NAME
4009AV,4009AV-VIF-ENG,KAL,1_eq9l3jsw,,,Find Your Ideal Market,Harvard Business School Publishing - Corporate Learning,Limited Eligibility,218,Harvard Business Impact
4010AV,4010AV-VIF-ENG,KAL,1_xikfd9yz,,,Budget Stress,Harvard Business School Publishing - Corporate Learning,Limited Eligibility,218,Harvard Business Impact
4011AV,4011AV-VIF-ENG,KAL,1_zjysjg2i,,,Budget Impacts,Harvard Business School Publishing - Corporate Learning,Limited Eligibility,218,Harvard Business Impact
4012AV,4012AV-VIF-ENG,KAL,1_bx01ybbd,,,Realistic Budgets,Harvard Business School Publishing - Corporate Learning,Limited Eligibility,218,Harvard Business Impact
4013AV,4013AV-VIF-ENG,KAL,1_rhp6mlhh,,,The Essence of Entrepreneurship,Harvard Business School Publishing - Corporate Learning,Limited Eligibility,218,Harvard Business Impact
4014AV,4014AV-VIF-ENG,KAL,1_pzpgnj3c,,,Test Your Assumptions,Harvard Business School Publishing - Corporate Learning,Limited Eligibility,218,Harvard Business Impact
4015AV,4015AV-VIF-ENG,KAL,1_j5nnex5i,,,Making Your Ideas Credible,Harvard Business School Publishing - Corporate Learning,Limited Eligibility,218,Harvard Business Impact
4016AV,4016AV-VIF-ENG,KAL,1_d1ijhlh0,,,Emerging Markets,Harvard Business School Publishing - Corporate Learning,Limited Eligibility,218,Harvard Business Impact
4017AV,4017AV-VIF-ENG,KAL,1_ctelgzni,,,Crossing the River,Harvard Business School Publishing - Corporate Learning,Limited Eligibility,218,Harvard Business Impact
4018AV,4018AV-VIF-ENG,KAL,1_dgv1f16y,,,Planning for Success,Harvard Business School Publishing - Corporate Learning,Limited Eligibility,218,Harvard Business Impact
4019AV,4019AV-VIF-ENG,KAL,1_o890dx28,,,Adapt to the Market,Harvard Business School Publishing - Corporate Learning,Limited Eligibility,218,Harvard Business Impact
4020AV,4020AV-VIF-ENG,KAL,1_cuymrzv0,,,Seek Challenges,Harvard Business School Publishing - Corporate Learning,Limited Eligibility,218,Harvard Business Impact
4021AV,4021AV-VIF-ENG,KAL,1_4ksfpzf3,,,A Great Job Fit,Harvard Business School Publishing - Corporate Learning,Limited Eligibility,218,Harvard Business Impact
4022AV,4022AV-VIF-ENG,KAL,1_74qxqddx,,,Career Impasse,Harvard Business School Publishing - Corporate Learning,Limited Eligibility,218,Harvard Business Impact
4023AV,4023AV-VIF-ENG,KAL,1_kbwglaze,,,Live the Vision,Harvard Business School Publishing - Corporate Learning,Limited Eligibility,218,Harvard Business Impact
4024AV,4024AV-VIF-ENG,KAL,1_hg24xmmk,,,Setting the Stage for Change,Harvard Business School Publishing - Corporate Learning,Limited Eligibility,218,Harvard Business Impact
4025AV,4025AV-VIF-ENG,KAL,1_403nqt6w,,,The Challenge of Change,Harvard Business School Publishing - Corporate Learning,Limited Eligibility,218,Harvard Business Impact
4026AV,4026AV-VIF-ENG,KAL,1_gg2735hp,,,Fear of Reinvention,Harvard Business School Publishing - Corporate Learning,Limited Eligibility,218,Harvard Business Impact
4027AV,4027AV-VIF-ENG,KAL,1_s2h3yqia,,,The Manager As Coach,Harvard Business School Publishing - Corporate Learning,Limited Eligibility,218,Harvard Business Impact
4028AV,4028AV-VIF-ENG,KAL,1_dvhdcg4s,,,Overcoming Resistance to Coaching,Harvard Business School Publishing - Corporate Learning,Limited Eligibility,218,Harvard Business Impact
4029AV,4029AV-VIF-ENG,KAL,1_o2k136aq,,,Open to Learning,Harvard Business School Publishing - Corporate Learning,Limited Eligibility,218,Harvard Business Impact
4030AV,4030AV-VIF-ENG,KAL,1_stgwrinp,,,Averting a Healthcare Crisis,Harvard Business School Publishing - Corporate Learning,Limited Eligibility,218,Harvard Business Impact
4032AV,4032AV-VIF-ENG,KAL,1_w3wqq70o,,,Create a Sense of Urgency,Harvard Business School Publishing - Corporate Learning,Limited Eligibility,218,Harvard Business Impact
4033AV,4033AV-VIF-ENG,KAL,1_adzeth0c,,,Stay Up to Date,Harvard Business School Publishing - Corporate Learning,Limited Eligibility,218,Harvard Business Impact
4034AV,4034AV-VIF-ENG,KAL,1_36b6xgcq,,,A Drop of Water,Harvard Business School Publishing - Corporate Learning,Limited Eligibility,218,Harvard Business Impact
4035AV,4035AV-VIF-ENG,KAL,1_9p5ziaah,,,A Wedge of Lime,Harvard Business School Publishing - Corporate Learning,Limited Eligibility,218,Harvard Business Impact
4036AV,4036AV-VIF-ENG,KAL,1_fbrnfsj0,,,Word of Mouth,Harvard Business School Publishing - Corporate Learning,Limited Eligibility,218,Harvard Business Impact
4037AV,4037AV-VIF-ENG,KAL,1_9f825qi4,,,"Change the Product, Not the Customer",Harvard Business School Publishing - Corporate Learning,Limited Eligibility,218,Harvard Business Impact
4038AV,4038AV-VIF-ENG,KAL,1_azkhyofg,,,The Ritz,Harvard Business School Publishing - Corporate Learning,Limited Eligibility,218,Harvard Business Impact
4039AV,4039AV-VIF-ENG,KAL,1_y2jfwfze,,,Faulty Analogies,Harvard Business School Publishing - Corporate Learning,Limited Eligibility,218,Harvard Business Impact
4040AV,4040AV-VIF-ENG,KAL,1_5iswnohx,,,Intuition,Harvard Business School Publishing - Corporate Learning,Limited Eligibility,218,Harvard Business Impact
4041AV,4041AV-VIF-ENG,KAL,1_wosevm0e,,,Don't Go It Alone,Harvard Business School Publishing - Corporate Learning,Limited Eligibility,218,Harvard Business Impact
4042AV,4042AV-VIF-ENG,KAL,1_8g7qnjb5,,,Make Yourself Replaceable,Harvard Business School Publishing - Corporate Learning,Limited Eligibility,218,Harvard Business Impact
4043AV,4043AV-VIF-ENG,KAL,1_jnybfhhm,,,Creating a Win Win,Harvard Business School Publishing - Corporate Learning,Limited Eligibility,218,Harvard Business Impact
4044AV,4044AV-VIF-ENG,KAL,1_dk0m5hac,,,Freedom to Act,Harvard Business School Publishing - Corporate Learning,Limited Eligibility,218,Harvard Business Impact
4045AV,4045AV-VIF-ENG,KAL,1_tnk63vqa,,,Teaching - The Virtuous Loop,Harvard Business School Publishing - Corporate Learning,Limited Eligibility,218,Harvard Business Impact
4046AV,4046AV-VIF-ENG,KAL,1_fjv85syu,,,Employee Action Plans,Harvard Business School Publishing - Corporate Learning,Limited Eligibility,218,Harvard Business Impact
4047AV,4047AV-VIF-ENG,KAL,1_5yqqulj3,,,Genuinely Listen,Harvard Business School Publishing - Corporate Learning,Limited Eligibility,218,Harvard Business Impact
4048AV,4048AV-VIF-ENG,KAL,1_sn2fq05l,,,Focus on Interests,Harvard Business School Publishing - Corporate Learning,Limited Eligibility,218,Harvard Business Impact
4049AV,4049AV-VIF-ENG,KAL,1_h0h9tn3z,,,Do a Reality Check,Harvard Business School Publishing - Corporate Learning,Limited Eligibility,218,Harvard Business Impact
4050AV,4050AV-VIF-ENG,KAL,1_aaoerlaj,,,Anger Is Tricky,Harvard Business School Publishing - Corporate Learning,Limited Eligibility,218,Harvard Business Impact
4051AV,4051AV-VIF-ENG,KAL,1_2uqh1cu9,,,A Question of Integrity,Harvard Business School Publishing - Corporate Learning,Limited Eligibility,218,Harvard Business Impact
4052AV,4052AV-VIF-ENG,KAL,1_8lg2lfit,,,Be Candid,Harvard Business School Publishing - Corporate Learning,Limited Eligibility,218,Harvard Business Impact
4054AV,4054AV-VIF-ENG,KAL,1_ltdjygro,,,Know When to Let Go,Harvard Business School Publishing - Corporate Learning,Limited Eligibility,218,Harvard Business Impact
4058AV,4058AV-VIF-ENG,KAL,1_b2bshshm,,,Ethical Ambiguity,Harvard Business School Publishing - Corporate Learning,Limited Eligibility,218,Harvard Business Impact
4059AV,4059AV-VIF-ENG,KAL,1_vmgoqlzp,,,Speak the Truth,Harvard Business School Publishing - Corporate Learning,Limited Eligibility,218,Harvard Business Impact
4060AV,4060AV-VIF-ENG,KAL,1_l8njj3qo,,,Should You Lie to Save Your Company,Harvard Business School Publishing - Corporate Learning,Limited Eligibility,218,Harvard Business Impact
4061AV,4061AV-VIF-ENG,KAL,1_ki693cpk,,,Delivering Difficult Feedback,Harvard Business School Publishing - Corporate Learning,Limited Eligibility,218,Harvard Business Impact
4062AV,4062AV-VIF-ENG,KAL,1_go4czjfy,,,Real-time Feedback,Harvard Business School Publishing - Corporate Learning,Limited Eligibility,218,Harvard Business Impact
4063AV,4063AV-VIF-ENG,KAL,1_hkutec0v,,,The Power of Feedback,Harvard Business School Publishing - Corporate Learning,Limited Eligibility,218,Harvard Business Impact
4064AV,4064AV-VIF-ENG,KAL,1_qbhxraoo,,,Create Efficiencies,Harvard Business School Publishing - Corporate Learning,Limited Eligibility,218,Harvard Business Impact
4065AV,4065AV-VIF-ENG,KAL,1_wlhpgf1e,,,Net Present Value,Harvard Business School Publishing - Corporate Learning,Limited Eligibility,218,Harvard Business Impact
4066AV,4066AV-VIF-ENG,KAL,1_0i1siipl,,,When The Numbers Don't Add Up,Harvard Business School Publishing - Corporate Learning,Limited Eligibility,218,Harvard Business Impact
4067AV,4067AV-VIF-ENG,KAL,1_ocjps9to,,,Face Your Fear,Harvard Business School Publishing - Corporate Learning,Limited Eligibility,218,Harvard Business Impact
4068AV,4068AV-VIF-ENG,KAL,1_pkkzdteb,,,Look Beyond the Numbers,Harvard Business School Publishing - Corporate Learning,Limited Eligibility,218,Harvard Business Impact
4069AV,4069AV-VIF-ENG,KAL,1_wqug524y,,,Educate Your Teams,Harvard Business School Publishing - Corporate Learning,Limited Eligibility,218,Harvard Business Impact
4070AV,4070AV-VIF-ENG,KAL,1_vwvl6spx,,,Language Policies,Harvard Business School Publishing - Corporate Learning,Limited Eligibility,218,Harvard Business Impact
4071AV,4071AV-VIF-ENG,KAL,1_5224h3ua,,,Face to Face Contact,Harvard Business School Publishing - Corporate Learning,Limited Eligibility,218,Harvard Business Impact
4073AV,4073AV-VIF-ENG,KAL,1_ip440r6x,,,Collaborative Goals,Harvard Business School Publishing - Corporate Learning,Limited Eligibility,218,Harvard Business Impact
4074AV,4074AV-VIF-ENG,KAL,1_ymclugia,,,The Art of Stretch Targets,Harvard Business School Publishing - Corporate Learning,Limited Eligibility,218,Harvard Business Impact
4075AV,4075AV-VIF-ENG,KAL,1_esnw1dk4,,,Hiring A Top Team,Harvard Business School Publishing - Corporate Learning,Limited Eligibility,218,Harvard Business Impact
4076AV,4076AV-VIF-ENG,KAL,1_2j9dh9yu,,,Uncovering Passion,Harvard Business School Publishing - Corporate Learning,Limited Eligibility,218,Harvard Business Impact
4077AV,4077AV-VIF-ENG,KAL,1_l3aimdyf,,,The Right Stuff,Harvard Business School Publishing - Corporate Learning,Limited Eligibility,218,Harvard Business Impact
4078AV,4078AV-VIF-ENG,KAL,1_v5lcsepi,,,Position for Future Markets,Harvard Business School Publishing - Corporate Learning,Limited Eligibility,218,Harvard Business Impact
4079AV,4079AV-VIF-ENG,KAL,1_6atw0ujk,,,You Can't Go It Alone,Harvard Business School Publishing - Corporate Learning,Limited Eligibility,218,Harvard Business Impact
4080AV,4080AV-VIF-ENG,KAL,1_o8rdwl62,,,The Innovation Value Chain,Harvard Business School Publishing - Corporate Learning,Limited Eligibility,218,Harvard Business Impact
4081AV,4081AV-VIF-ENG,KAL,1_u2n2v8sg,,,Harnessing Creativity,Harvard Business School Publishing - Corporate Learning,Limited Eligibility,218,Harvard Business Impact
4082AV,4082AV-VIF-ENG,KAL,1_elp5anxd,,,Distributed Innovation,Harvard Business School Publishing - Corporate Learning,Limited Eligibility,218,Harvard Business Impact
4083AV,4083AV-VIF-ENG,KAL,1_amxnobzj,,,Revolutionary Ideas,Harvard Business School Publishing - Corporate Learning,Limited Eligibility,218,Harvard Business Impact
4084AV,4084AV-VIF-ENG,KAL,1_haaxi5yo,,,The Right Kinds of Failure,Harvard Business School Publishing - Corporate Learning,Limited Eligibility,218,Harvard Business Impact
4085AV,4085AV-VIF-ENG,KAL,1_gclret4s,,,Use Diplomacy in Dismissing Employees,Harvard Business School Publishing - Corporate Learning,Limited Eligibility,218,Harvard Business Impact
4086AV,4086AV-VIF-ENG,KAL,1_lv86l6wv,,,Communication is Key,Harvard Business School Publishing - Corporate Learning,Limited Eligibility,218,Harvard Business Impact
4087AV,4087AV-VIF-ENG,KAL,1_utbzdae3,,,Meet Face to Face,Harvard Business School Publishing - Corporate Learning,Limited Eligibility,218,Harvard Business Impact
4088AV,4088AV-VIF-ENG,KAL,1_ngmnl1ku,,,Everyone is a Leader,Harvard Business School Publishing - Corporate Learning,Limited Eligibility,218,Harvard Business Impact
4090AV,4090AV-VIF-ENG,KAL,1_xwm6ivvs,,,Give People Credit,Harvard Business School Publishing - Corporate Learning,Limited Eligibility,218,Harvard Business Impact
4091AV,4091AV-VIF-ENG,KAL,1_f98zg7yw,,,Leading on a Grand Scale,Harvard Business School Publishing - Corporate Learning,Limited Eligibility,218,Harvard Business Impact
4092AV,4092AV-VIF-ENG,KAL,1_p85h6wyx,,,"Work With, Not For, Your Boss",Harvard Business School Publishing - Corporate Learning,Limited Eligibility,218,Harvard Business Impact
4093AV,4093AV-VIF-ENG,KAL,1_bwh52us3,,,Boss Management 101,Harvard Business School Publishing - Corporate Learning,Limited Eligibility,218,Harvard Business Impact
4094AV,4094AV-VIF-ENG,KAL,1_5ze72csn,,,Mad Dog,Harvard Business School Publishing - Corporate Learning,Limited Eligibility,218,Harvard Business Impact
4095AV,4095AV-VIF-ENG,KAL,1_wm5eursu,,,When to Speak Up,Harvard Business School Publishing - Corporate Learning,Limited Eligibility,218,Harvard Business Impact
4096AV,4096AV-VIF-ENG,KAL,1_g15ebppv,,,Transforming Your Brand,Harvard Business School Publishing - Corporate Learning,Limited Eligibility,218,Harvard Business Impact
4097AV,4097AV-VIF-ENG,KAL,1_fvo9utu6,,,Be Authentic,Harvard Business School Publishing - Corporate Learning,Limited Eligibility,218,Harvard Business Impact
4098AV,4098AV-VIF-ENG,KAL,1_ipbm43is,,,Exemplary Service,Harvard Business School Publishing - Corporate Learning,Limited Eligibility,218,Harvard Business Impact
4099AV,4099AV-VIF-ENG,KAL,1_vdkmdhbk,,,Customer Input,Harvard Business School Publishing - Corporate Learning,Limited Eligibility,218,Harvard Business Impact
4100AV,4100AV-VIF-ENG,KAL,1_93leu458,,,Action Items,Harvard Business School Publishing - Corporate Learning,Limited Eligibility,218,Harvard Business Impact
4101AV,4101AV-VIF-ENG,KAL,1_4f54j9kr,,,Show Off Your People,Harvard Business School Publishing - Corporate Learning,Limited Eligibility,218,Harvard Business Impact
4102AV,4102AV-VIF-ENG,KAL,1_sjqb6yds,,,The Meeting Climate,Harvard Business School Publishing - Corporate Learning,Limited Eligibility,218,Harvard Business Impact
4103AV,4103AV-VIF-ENG,KAL,1_y09qtwqi,,,Explore Underlying Needs,Harvard Business School Publishing - Corporate Learning,Limited Eligibility,218,Harvard Business Impact
4104AV,4104AV-VIF-ENG,KAL,1_tdop62bg,,,Play Your Cards Right,Harvard Business School Publishing - Corporate Learning,Limited Eligibility,218,Harvard Business Impact
4105AV,4105AV-VIF-ENG,KAL,1_te32mowt,,,Do Your Homework,Harvard Business School Publishing - Corporate Learning,Limited Eligibility,218,Harvard Business Impact
4106AV,4106AV-VIF-ENG,KAL,1_w1as1u93,,,Attitude Adjustment,Harvard Business School Publishing - Corporate Learning,Limited Eligibility,218,Harvard Business Impact
4107AV,4107AV-VIF-ENG,KAL,1_sng0kx6z,,,Manager as Decision Maker,Harvard Business School Publishing - Corporate Learning,Limited Eligibility,218,Harvard Business Impact
4108AV,4108AV-VIF-ENG,KAL,1_47fhkppp,,,Feedback Sparks Growth,Harvard Business School Publishing - Corporate Learning,Limited Eligibility,218,Harvard Business Impact
4109AV,4109AV-VIF-ENG,KAL,1_0j75sb3n,,,Be Aware of Your Biases,Harvard Business School Publishing - Corporate Learning,Limited Eligibility,218,Harvard Business Impact
4110AV,4110AV-VIF-ENG,KAL,1_xo06tdmf,,,Cumulative Conversations,Harvard Business School Publishing - Corporate Learning,Limited Eligibility,218,Harvard Business Impact
4111AV,4111AV-VIF-ENG,KAL,1_mga5wkbc,,,Take Risks,Harvard Business School Publishing - Corporate Learning,Limited Eligibility,218,Harvard Business Impact
4112AV,4112AV-VIF-ENG,KAL,1_21jzgr8a,,,Driven by a Purpose,Harvard Business School Publishing - Corporate Learning,Limited Eligibility,218,Harvard Business Impact
4113AV,4113AV-VIF-ENG,KAL,1_b2ym45jo,,,Mission and Objectives,Harvard Business School Publishing - Corporate Learning,Limited Eligibility,218,Harvard Business Impact
4114AV,4114AV-VIF-ENG,KAL,1_9z6vjjb0,,,The Power of Inquiry,Harvard Business School Publishing - Corporate Learning,Limited Eligibility,218,Harvard Business Impact
4116AV,4116AV-VIF-ENG,KAL,1_rkeboibp,,,High-Impact Story Telling,Harvard Business School Publishing - Corporate Learning,Limited Eligibility,218,Harvard Business Impact
4117AV,4117AV-VIF-ENG,KAL,1_tglm3fj0,,,Framing the Big Picture,Harvard Business School Publishing - Corporate Learning,Limited Eligibility,218,Harvard Business Impact
4118AV,4118AV-VIF-ENG,KAL,1_oemhdzov,,,Tap the Power of Visuals,Harvard Business School Publishing - Corporate Learning,Limited Eligibility,218,Harvard Business Impact
4119AV,4119AV-VIF-ENG,KAL,1_pj1xqz4f,,,Body Language,Harvard Business School Publishing - Corporate Learning,Limited Eligibility,218,Harvard Business Impact
4120AV,4120AV-VIF-ENG,KAL,1_oonq9nt1,,,The Invisible Audience,Harvard Business School Publishing - Corporate Learning,Limited Eligibility,218,Harvard Business Impact
4121AV,4121AV-VIF-ENG,KAL,1_vdn9apzh,,,5-Plus-1 Slide Strategy,Harvard Business School Publishing - Corporate Learning,Limited Eligibility,218,Harvard Business Impact
4122AV,4122AV-VIF-ENG,KAL,1_j3uiuzky,,,Haste Makes Waste,Harvard Business School Publishing - Corporate Learning,Limited Eligibility,218,Harvard Business Impact
4123AV,4123AV-VIF-ENG,KAL,1_buuf40cp,,,Simplicity,Harvard Business School Publishing - Corporate Learning,Limited Eligibility,218,Harvard Business Impact
4124AV,4124AV-VIF-ENG,KAL,1_rmzc6ywb,,,Fixing Potholes,Harvard Business School Publishing - Corporate Learning,Limited Eligibility,218,Harvard Business Impact
4125AV,4125AV-VIF-ENG,KAL,1_7ypgeyz4,,,Define Success Upfront,Harvard Business School Publishing - Corporate Learning,Limited Eligibility,218,Harvard Business Impact
4127AV,4127AV-VIF-ENG,KAL,1_o7b4aday,,,The Equation for Change,Harvard Business School Publishing - Corporate Learning,Limited Eligibility,218,Harvard Business Impact
4128AV,4128AV-VIF-ENG,KAL,1_nx7irfo3,,,Choose the Right People,Harvard Business School Publishing - Corporate Learning,Limited Eligibility,218,Harvard Business Impact
4129AV,4129AV-VIF-ENG,KAL,1_6d6x6f3h,,,What Employees Value,Harvard Business School Publishing - Corporate Learning,Limited Eligibility,218,Harvard Business Impact
4130AV,4130AV-VIF-ENG,KAL,1_1ka34e7y,,,The Stay Interview,Harvard Business School Publishing - Corporate Learning,Limited Eligibility,218,Harvard Business Impact
4131AV,4131AV-VIF-ENG,KAL,1_6df5t49e,,,Love What You Do,Harvard Business School Publishing - Corporate Learning,Limited Eligibility,218,Harvard Business Impact
4132AV,4132AV-VIF-ENG,KAL,1_qxvq562f,,,Express Gratitude,Harvard Business School Publishing - Corporate Learning,Limited Eligibility,218,Harvard Business Impact
4133AV,4133AV-VIF-ENG,KAL,1_aes3xyth,,,Share the Vision,Harvard Business School Publishing - Corporate Learning,Limited Eligibility,218,Harvard Business Impact
4134AV,4134AV-VIF-ENG,KAL,1_0iyidset,,,Business Choices,Harvard Business School Publishing - Corporate Learning,Limited Eligibility,218,Harvard Business Impact
4135AV,4135AV-VIF-ENG,KAL,1_g9d0g4fy,,,Operation One Voice,Harvard Business School Publishing - Corporate Learning,Limited Eligibility,218,Harvard Business Impact
4136AV,4136AV-VIF-ENG,KAL,1_95cc00ig,,,Values in Action,Harvard Business School Publishing - Corporate Learning,Limited Eligibility,218,Harvard Business Impact
4137AV,4137AV-VIF-ENG,KAL,1_8614zbr9,,,Think Ahead,Harvard Business School Publishing - Corporate Learning,Limited Eligibility,218,Harvard Business Impact
4138AV,4138AV-VIF-ENG,KAL,1_95ygcmh3,,,Adapt Your Strategy,Harvard Business School Publishing - Corporate Learning,Limited Eligibility,218,Harvard Business Impact
4139AV,4139AV-VIF-ENG,KAL,1_119snhft,,,Performance Objectives,Harvard Business School Publishing - Corporate Learning,Limited Eligibility,218,Harvard Business Impact
4140AV,4140AV-VIF-ENG,KAL,1_8un0mwhg,,,Dynamic Strategy,Harvard Business School Publishing - Corporate Learning,Limited Eligibility,218,Harvard Business Impact
4141AV,4141AV-VIF-ENG,KAL,1_rq3fm8ls,,,Core Purpose,Harvard Business School Publishing - Corporate Learning,Limited Eligibility,218,Harvard Business Impact
4142AV,4142AV-VIF-ENG,KAL,1_5s8jlcn2,,,The Vicious Stress Cycle,Harvard Business School Publishing - Corporate Learning,Limited Eligibility,218,Harvard Business Impact
4143AV,4143AV-VIF-ENG,KAL,1_vncz97xl,,,Chop Goals Down to Size,Harvard Business School Publishing - Corporate Learning,Limited Eligibility,218,Harvard Business Impact
4144AV,4144AV-VIF-ENG,KAL,1_6hq6qb2w,,,Take Time to Disconnect,Harvard Business School Publishing - Corporate Learning,Limited Eligibility,218,Harvard Business Impact
4145AV,4145AV-VIF-ENG,KAL,1_elis6i7n,,,Not Another Flowchart,Harvard Business School Publishing - Corporate Learning,Limited Eligibility,218,Harvard Business Impact
4146AV,4146AV-VIF-ENG,KAL,1_bj064pmw,,,Surviving Mt. Everest,Harvard Business School Publishing - Corporate Learning,Limited Eligibility,218,Harvard Business Impact
4147AV,4147AV-VIF-ENG,KAL,1_7x9l2ta7,,,Do Actions Speak Louder Than Words,Harvard Business School Publishing - Corporate Learning,Limited Eligibility,218,Harvard Business Impact
4148AV,4148AV-VIF-ENG,KAL,1_6syqgwpv,,,Transparency,Harvard Business School Publishing - Corporate Learning,Limited Eligibility,218,Harvard Business Impact
4149AV,4149AV-VIF-ENG,KAL,1_j2csqs2a,,,Seek Feedback,Harvard Business School Publishing - Corporate Learning,Limited Eligibility,218,Harvard Business Impact
4150AV,4150AV-VIF-ENG,KAL,1_gb2s8cc9,,,Generation Gaps,Harvard Business School Publishing - Corporate Learning,Limited Eligibility,218,Harvard Business Impact
4151AV,4151AV-VIF-ENG,KAL,1_xr86xsfe,,,On the Line,Harvard Business School Publishing - Corporate Learning,Limited Eligibility,218,Harvard Business Impact
4152AV,4152AV-VIF-ENG,KAL,1_n4nv91e6,,,Priorities,Harvard Business School Publishing - Corporate Learning,Limited Eligibility,218,Harvard Business Impact
4153AV,4153AV-VIF-ENG,KAL,1_yqidjyfq,,,Productivity,Harvard Business School Publishing - Corporate Learning,Limited Eligibility,218,Harvard Business Impact
4154AV,4154AV-VIF-ENG,KAL,1_1nbyltgx,,,Dinner At Six,Harvard Business School Publishing - Corporate Learning,Limited Eligibility,218,Harvard Business Impact
4155AV,4155AV-VIF-ENG,KAL,1_ff8vc4wx,,,Coaching Across Cultures,Harvard Business School Publishing - Corporate Learning,Limited Eligibility,218,Harvard Business Impact
4156AV,4156AV-VIF-ENG,KAL,1_kenrcwiy,,,When Technology Fails You,Harvard Business School Publishing - Corporate Learning,Limited Eligibility,218,Harvard Business Impact
4157AV,4157AV-VIF-ENG,KAL,1_u2fjbdbr,,,Inconvenience Everyone Equally,Harvard Business School Publishing - Corporate Learning,Limited Eligibility,218,Harvard Business Impact
4158AV,4158AV-VIF-ENG,KAL,1_5va3qw2r,,,Central Intelligence,Harvard Business School Publishing - Corporate Learning,Limited Eligibility,218,Harvard Business Impact
4159AV,4159AV-VIF-ENG,KAL,1_tvhsm1qy,,,Find Your Voice,Harvard Business School Publishing - Corporate Learning,Limited Eligibility,218,Harvard Business Impact
4160AV,4160AV-VIF-ENG,KAL,1_oxyj59sv,,,High-Impact E-mail,Harvard Business School Publishing - Corporate Learning,Limited Eligibility,218,Harvard Business Impact
4161AV,4161AV-VIF-ENG,KAL,1_szclo5q8,,,Writing for Strategic Advantage,Harvard Business School Publishing - Corporate Learning,Limited Eligibility,218,Harvard Business Impact
4162AV,4162AV-VIF-ENG,KAL,1_wmogaqxg,,,Customer Service Via Email,Harvard Business School Publishing - Corporate Learning,Limited Eligibility,218,Harvard Business Impact
4169AV,4169AV-VIF-ENG,KAL,0_ffni4epp,,,"The ""Should"" Self",Harvard Business School Publishing - Corporate Learning,Limited Eligibility,218,Harvard Business Impact
4170AV,4170AV-VIF-ENG,KAL,0_t0ijq8pb,,,Blind Spots,Harvard Business School Publishing - Corporate Learning,Limited Eligibility,218,Harvard Business Impact
4171AV,4171AV-VIF-ENG,KAL,0_9uvtdveo,,,Ethical Fading,Harvard Business School Publishing - Corporate Learning,Limited Eligibility,218,Harvard Business Impact
4172AV,4172AV-VIF-ENG,KAL,0_g0an9f64,,,Overclaiming Credit,Harvard Business School Publishing - Corporate Learning,Limited Eligibility,218,Harvard Business Impact
4173AV,4173AV-VIF-ENG,KAL,1_5cj4wb2y,,,Aligning Strategy and Sales,Harvard Business School Publishing - Corporate Learning,Limited Eligibility,218,Harvard Business Impact
4174AV,4174AV-VIF-ENG,KAL,1_a95c64ev,,,Crafting the Luxury Experience,Harvard Business School Publishing - Corporate Learning,Limited Eligibility,218,Harvard Business Impact
4175AV,4175AV-VIF-ENG,KAL,0_beho3jge,,,Open Door Communication,Harvard Business School Publishing - Corporate Learning,Limited Eligibility,218,Harvard Business Impact
4176AV,4176AV-VIF-ENG,KAL,0_4akiekso,,,What Stores Can Teach Companies,Harvard Business School Publishing - Corporate Learning,Limited Eligibility,218,Harvard Business Impact
4177AV,4177AV-VIF-ENG,KAL,1_uldaccjc,,,Hire for Personality,Harvard Business School Publishing - Corporate Learning,Limited Eligibility,218,Harvard Business Impact
4178AV,4178AV-VIF-ENG,KAL,0_mevt2y8c,,,Valuable Experience,Harvard Business School Publishing - Corporate Learning,Limited Eligibility,218,Harvard Business Impact
4179AV,4179AV-VIF-ENG,KAL,1_gfy1v7l0,,,Get Your Employees Engaged,Harvard Business School Publishing - Corporate Learning,Limited Eligibility,218,Harvard Business Impact
4180AV,4180AV-VIF-ENG,KAL,0_3ll6fs0w,,,Expanding into New Geographies,Harvard Business School Publishing - Corporate Learning,Limited Eligibility,218,Harvard Business Impact
4181AV,4181AV-VIF-ENG,KAL,0_68yzk0mr,,,Own Your Development,Harvard Business School Publishing - Corporate Learning,Limited Eligibility,218,Harvard Business Impact
4182AV,4182AV-VIF-ENG,KAL,0_tgi5xub3,,,How Can I Help?,Harvard Business School Publishing - Corporate Learning,Limited Eligibility,218,Harvard Business Impact
4183AV,4183AV-VIF-ENG,KAL,0_3gqyix6g,,,Contributions of Significance,Harvard Business School Publishing - Corporate Learning,Limited Eligibility,218,Harvard Business Impact
4188AV,4188AV-VIF-ENG,KAL,1_xs8xbqrc,,,Respond to Blame Successfully,Harvard Business School Publishing - Corporate Learning,Limited Eligibility,218,Harvard Business Impact
4189AV,4189AV-VIF-ENG,KAL,1_k79zr6on,,,Create Your User's Manual,Harvard Business School Publishing - Corporate Learning,Limited Eligibility,218,Harvard Business Impact
4190AV,4190AV-VIF-ENG,KAL,0_hyox0cnm,,,Find Meaning at Work,Harvard Business School Publishing - Corporate Learning,Limited Eligibility,218,Harvard Business Impact
4191AV,4191AV-VIF-ENG,KAL,0_gypkvgb2,,,Make Emotional Connections,Harvard Business School Publishing - Corporate Learning,Limited Eligibility,218,Harvard Business Impact
4192AV,4192AV-VIF-ENG,KAL,1_hwju3ki2,,,Conduct an Informal 360,Harvard Business School Publishing - Corporate Learning,Limited Eligibility,218,Harvard Business Impact
4193AV,4193AV-VIF-ENG,KAL,1_d51s1bdc,,,"Develop Your Strengths, Not Your Weaknesses",Harvard Business School Publishing - Corporate Learning,Limited Eligibility,218,Harvard Business Impact
4194AV,4194AV-VIF-ENG,KAL,1_mc4m70ap,,,The Right Way to Develop Talent,Harvard Business School Publishing - Corporate Learning,Limited Eligibility,218,Harvard Business Impact
4195AV,4195AV-VIF-ENG,KAL,0_294nltg3,,,Key Factors for Career Success,Harvard Business School Publishing - Corporate Learning,Limited Eligibility,218,Harvard Business Impact
4196AV,4196AV-VIF-ENG,KAL,0_h07zp2r9,,,Inside-Out Hiring,Harvard Business School Publishing - Corporate Learning,Limited Eligibility,218,Harvard Business Impact
4197AV,4197AV-VIF-ENG,KAL,1_7pmt9i6m,,,Identify Future Leaders,Harvard Business School Publishing - Corporate Learning,Limited Eligibility,218,Harvard Business Impact
4198AV,4198AV-VIF-ENG,KAL,0_4w2xfmi8,,,In Praise of Non-linear Career Moves,Harvard Business School Publishing - Corporate Learning,Limited Eligibility,218,Harvard Business Impact
4199AV,4199AV-VIF-ENG,KAL,0_bdyreapa,,,Use Values in Decision Making,Harvard Business School Publishing - Corporate Learning,Limited Eligibility,218,Harvard Business Impact
4200AV,4200AV-VIF-ENG,KAL,0_h6pdlugc,,,Customer Centricity,Harvard Business School Publishing - Corporate Learning,Limited Eligibility,218,Harvard Business Impact
4201AV,4201AV-VIF-ENG,KAL,0_leexke7h,,,Diagnostic Thinking,Harvard Business School Publishing - Corporate Learning,Limited Eligibility,218,Harvard Business Impact
4202AV,4202AV-VIF-ENG,KAL,0_hwlt9ojn,,,Learn from Successes,Harvard Business School Publishing - Corporate Learning,Limited Eligibility,218,Harvard Business Impact
4203AV,4203AV-VIF-ENG,KAL,0_lgg6oboz,,,The Story Behind the Story,Harvard Business School Publishing - Corporate Learning,Limited Eligibility,218,Harvard Business Impact
4204AV,4204AV-VIF-ENG,KAL,1_ctyyo2h2,,,Building a Customer-Centric Organization,Harvard Business School Publishing - Corporate Learning,Limited Eligibility,218,Harvard Business Impact
4205AV,4205AV-VIF-ENG,,,KAL,0_sqyyo5t3,Living Through a Career Off Ramp,Harvard Business School Publishing - Corporate Learning,Limited Eligibility,218,Harvard Business Impact
4206AV,4206AV-VIF-ENG,KAL,0_dut4czlm,,,The Importance of Sponsors,Harvard Business School Publishing - Corporate Learning,Limited Eligibility,218,Harvard Business Impact
4208AV,4208AV-VIF-ENG,KAL,1_4mnwuxdf,,,How to Win a Sponsor,Harvard Business School Publishing - Corporate Learning,Limited Eligibility,218,Harvard Business Impact
4209AV,4209AV-VIF-ENG,KAL,1_2n2l6b17,,,The Sponsor-Protege Relationship,Harvard Business School Publishing - Corporate Learning,Limited Eligibility,218,Harvard Business Impact
4210AV,4210AV-VIF-ENG,KAL,1_zxq0hroq,,,Capitalism at Risk,Harvard Business School Publishing - Corporate Learning,Limited Eligibility,218,Harvard Business Impact
4211AV,4211AV-VIF-ENG,KAL,1_lfjvec74,,,Own Your Mistakes,Harvard Business School Publishing - Corporate Learning,Limited Eligibility,218,Harvard Business Impact
4212AV,4212AV-VIF-ENG,KAL,1_0nkvzxw1,,,Career Crossroads,Harvard Business School Publishing - Corporate Learning,Limited Eligibility,218,Harvard Business Impact
4213AV,4213AV-VIF-ENG,KAL,1_6tm8wrku,,,Simplify Customer Metrics,Harvard Business School Publishing - Corporate Learning,Limited Eligibility,218,Harvard Business Impact
4214AV,4214AV-VIF-ENG,KAL,1_ne4ga4oa,,,Frontline Employees,Harvard Business School Publishing - Corporate Learning,Limited Eligibility,218,Harvard Business Impact
4215AV,4215AV-VIF-ENG,KAL,1_5pofcbxg,,,Encourage Exploration,Harvard Business School Publishing - Corporate Learning,Limited Eligibility,218,Harvard Business Impact
4217AV,4217AV-VIF-ENG,KAL,1_20rrk5g8,,,Computing vs. Human Capability,Harvard Business School Publishing - Corporate Learning,Limited Eligibility,218,Harvard Business Impact
4218AV,4218AV-VIF-ENG,KAL,1_9vjgc5qu,,,Enterprise 2.0 and Social Business,Harvard Business School Publishing - Corporate Learning,Limited Eligibility,218,Harvard Business Impact
4219AV,4219AV-VIF-ENG,KAL,1_58df4yhj,,,Ways to Explore Cloud Computing,Harvard Business School Publishing - Corporate Learning,Limited Eligibility,218,Harvard Business Impact
4220AV,4220AV-VIF-ENG,KAL,1_plv2im3c,,,The 20-Day Learning Tour,Harvard Business School Publishing - Corporate Learning,Limited Eligibility,218,Harvard Business Impact
4221AV,4221AV-VIF-ENG,KAL,1_0yjncydx,,,Get Ready For Your Next Assignment,Harvard Business School Publishing - Corporate Learning,Limited Eligibility,218,Harvard Business Impact
4222AV,4222AV-VIF-ENG,KAL,1_m8wp2ftd,,,How Expats Should Lead in China,Harvard Business School Publishing - Corporate Learning,Limited Eligibility,218,Harvard Business Impact
4223AV,4223AV-VIF-ENG,KAL,1_0djfg4v1,,,Develop Strategy as a Team,Harvard Business School Publishing - Corporate Learning,Limited Eligibility,218,Harvard Business Impact
4224AV,4224AV-VIF-ENG,KAL,1_wrpq5ch0,,,Solving the Health Care Cost Crisis,Harvard Business School Publishing - Corporate Learning,Limited Eligibility,218,Harvard Business Impact
4225AV,4225AV-VIF-ENG,KAL,1_h50g2nao,,,"Customers, Not Consumers",Harvard Business School Publishing - Corporate Learning,Limited Eligibility,218,Harvard Business Impact
4226AV,4226AV-VIF-ENG,KAL,1_nh6e8jdy,,,Invest in Engagement,Harvard Business School Publishing - Corporate Learning,Limited Eligibility,218,Harvard Business Impact
4227AV,4227AV-VIF-ENG,KAL,1_lwn5hdu0,,,Personal Interactions,Harvard Business School Publishing - Corporate Learning,Limited Eligibility,218,Harvard Business Impact
4229AV,4229AV-VIF-ENG,KAL,1_3cx95e0a,,,Failing to Success,Harvard Business School Publishing - Corporate Learning,Limited Eligibility,218,Harvard Business Impact
4230AV,4230AV-VIF-ENG,KAL,1_1yaiy8o3,,,Economic Democracy,Harvard Business School Publishing - Corporate Learning,Limited Eligibility,218,Harvard Business Impact
4231AV,4231AV-VIF-ENG,KAL,1_0mg3i0c9,,,Earn Employee Loyalty,Harvard Business School Publishing - Corporate Learning,Limited Eligibility,218,Harvard Business Impact
4232AV,4232AV-VIF-ENG,KAL,1_5c9uvhiy,,,The Golden Rule,Harvard Business School Publishing - Corporate Learning,Limited Eligibility,218,Harvard Business Impact
4233AV,4233AV-VIF-ENG,KAL,1_4b0rex65,,,Treat People Right,Harvard Business School Publishing - Corporate Learning,Limited Eligibility,218,Harvard Business Impact
4234AV,4234AV-VIF-ENG,KAL,1_m5hrh0kv,,,Turn Customers into Promoters,Harvard Business School Publishing - Corporate Learning,Limited Eligibility,218,Harvard Business Impact
4235AV,4235AV-VIF-ENG,KAL,1_wuu3frr2,,,Entrepreneurship is Management,Harvard Business School Publishing - Corporate Learning,Limited Eligibility,218,Harvard Business Impact
4236AV,4236AV-VIF-ENG,KAL,1_zq7cqypp,,,Managing Through Uncertainty,Harvard Business School Publishing - Corporate Learning,Limited Eligibility,218,Harvard Business Impact
4237AV,4237AV-VIF-ENG,KAL,1_0i07su49,,,Platform for Experimentation,Harvard Business School Publishing - Corporate Learning,Limited Eligibility,218,Harvard Business Impact
4238AV,4238AV-VIF-ENG,KAL,1_ridm4v6e,,,The Feedback Loop,Harvard Business School Publishing - Corporate Learning,Limited Eligibility,218,Harvard Business Impact
4239AV,4239AV-VIF-ENG,KAL,1_rfkt0083,,,5 Whys,Harvard Business School Publishing - Corporate Learning,Limited Eligibility,218,Harvard Business Impact
4240AV,4240AV-VIF-ENG,KAL,1_fnvdt9rz,,,Intellectual Integrity,Harvard Business School Publishing - Corporate Learning,Limited Eligibility,218,Harvard Business Impact
4241AV,4241AV-VIF-ENG,KAL,1_116g2tn2,,,Put Your Customers on Stage,Harvard Business School Publishing - Corporate Learning,Limited Eligibility,218,Harvard Business Impact
4242AV,4242AV-VIF-ENG,KAL,1_tcjfye69,,,Create an App Club,Harvard Business School Publishing - Corporate Learning,Limited Eligibility,218,Harvard Business Impact
4243AV,4243AV-VIF-ENG,KAL,1_lguo251d,,,The Importance of Sleep,Harvard Business School Publishing - Corporate Learning,Limited Eligibility,218,Harvard Business Impact
4244AV,4244AV-VIF-ENG,KAL,1_nabolcwp,,,How to Fight Stress,Harvard Business School Publishing - Corporate Learning,Limited Eligibility,218,Harvard Business Impact
4245AV,4245AV-VIF-ENG,KAL,1_9zn4ldb9,,,Develop Productivity Rituals,Harvard Business School Publishing - Corporate Learning,Limited Eligibility,218,Harvard Business Impact
4247AV,4247AV-VIF-ENG,KAL,1_u1zih8zi,,,Building Stakeholder Trust,Harvard Business School Publishing - Corporate Learning,Limited Eligibility,218,Harvard Business Impact
4248AV,4248AV-VIF-ENG,KAL,1_682l6by6,,,Leading Through the Three Greats,Harvard Business School Publishing - Corporate Learning,Limited Eligibility,218,Harvard Business Impact
4250AV,4250AV-VIF-ENG,KAL,1_mhotw30n,,,"To Motivate People, Understand Their Needs",Harvard Business School Publishing - Corporate Learning,Limited Eligibility,218,Harvard Business Impact
4251AV,4251AV-VIF-ENG,KAL,1_mkjd8ot0,,,Innovate by Looking for Problem Patterns,Harvard Business School Publishing - Corporate Learning,Limited Eligibility,218,Harvard Business Impact
4252AV,4252AV-VIF-ENG,KAL,1_9fepbbrj,,,Disruptive Innovation Explained,Harvard Business School Publishing - Corporate Learning,Limited Eligibility,218,Harvard Business Impact
4253AV,4253AV-VIF-ENG,KAL,1_7un1z4rv,,,How Great Leaders Make Their Own Luck,Harvard Business School Publishing - Corporate Learning,Limited Eligibility,218,Harvard Business Impact
4254AV,4254AV-VIF-ENG,KAL,1_2tuanxrk,,,Make Your Meetings More Productive,Harvard Business School Publishing - Corporate Learning,Limited Eligibility,218,Harvard Business Impact
4255AV,4255AV-VIF-ENG,KAL,1_m1985vwx,,,Management Support Groups,Harvard Business School Publishing - Corporate Learning,Limited Eligibility,218,Harvard Business Impact
4256AV,4256AV-VIF-ENG,KAL,1_xeysaa17,,,When Not to Give Advice,Harvard Business School Publishing - Corporate Learning,Limited Eligibility,218,Harvard Business Impact
4257AV,4257AV-VIF-ENG,KAL,1_uzavso3n,,,Innovate Your Business Model,Harvard Business School Publishing - Corporate Learning,Limited Eligibility,218,Harvard Business Impact
4259AV,4259AV-VIF-ENG,KAL,1_neo3zga8,,,The Design Flaw that Sank HP's Board,Harvard Business School Publishing - Corporate Learning,Limited Eligibility,218,Harvard Business Impact
4260AV,4260AV-VIF-ENG,KAL,1_zsgnd2mb,,,How to Test Your Innovative Idea,Harvard Business School Publishing - Corporate Learning,Limited Eligibility,218,Harvard Business Impact
4261AV,4261AV-VIF-ENG,KAL,1_aqn8gwfp,,,Four Ways to Think Like an Innovator,Harvard Business School Publishing - Corporate Learning,Limited Eligibility,218,Harvard Business Impact
4264AV,4264AV-VIF-ENG,KAL,1_wc7kapmj,,,Learning by Doing (13 Drafts Later),Harvard Business School Publishing - Corporate Learning,Limited Eligibility,218,Harvard Business Impact
4265AV,4265AV-VIF-ENG,KAL,1_6ayyasa4,,,Build a Flexible Business Plan,Harvard Business School Publishing - Corporate Learning,Limited Eligibility,218,Harvard Business Impact
4268AV,4268AV-VIF-ENG,KAL,1_r9riidwa,,,Leading Collaborative Groups,Harvard Business School Publishing - Corporate Learning,Limited Eligibility,218,Harvard Business Impact
4269AV,4269AV-VIF-ENG,KAL,1_g98vaumn,,,The Power of Progress,Harvard Business School Publishing - Corporate Learning,Limited Eligibility,218,Harvard Business Impact
4270AV,4270AV-VIF-ENG,KAL,1_4yfp708p,,,Managing in the Age of Hyperspecialization,Harvard Business School Publishing - Corporate Learning,Limited Eligibility,218,Harvard Business Impact
4271AV,4271AV-VIF-ENG,KAL,1_zo9kqmvm,,,Think Like an Innovator,Harvard Business School Publishing - Corporate Learning,Limited Eligibility,218,Harvard Business Impact
4272AV,4272AV-VIF-ENG,KAL,1_i954opfe,,,Inside P&G's Growth Factory,Harvard Business School Publishing - Corporate Learning,Limited Eligibility,218,Harvard Business Impact
4273AV,4273AV-VIF-ENG,KAL,1_d1ydccso,,,Dancing into a Turnaround,Harvard Business School Publishing - Corporate Learning,Limited Eligibility,218,Harvard Business Impact
4274AV,4274AV-VIF-ENG,KAL,1_cbi6hpks,,,A Brief History of Doing Well by Doing Good,Harvard Business School Publishing - Corporate Learning,Limited Eligibility,218,Harvard Business Impact
4277AV,4277AV-VIF-ENG,KAL,1_rwza6bzn,,,Manage Through Moral Gray Zones,Harvard Business School Publishing - Corporate Learning,Limited Eligibility,218,Harvard Business Impact
4278AV,4278AV-VIF-ENG,KAL,1_bi6kp4i2,,,Making Meaning at Work,Harvard Business School Publishing - Corporate Learning,Limited Eligibility,218,Harvard Business Impact
4280AV,4280AV-VIF-ENG,KAL,1_5cyis7dn,,,When to Disappoint Your Customers,Harvard Business School Publishing - Corporate Learning,Limited Eligibility,218,Harvard Business Impact
4281AV,4281AV-VIF-ENG,BCV,2226726792001,KAL,1_hlz8nq32,How Starbucks Trains Customers to Behave,Harvard Business School Publishing - Corporate Learning,Limited Eligibility,218,Harvard Business Impact
4298AV,4298AV-VIF-ENG,KAL,1_5rjk5w12,,,Create an Effective Presentation,Harvard Business School Publishing - Corporate Learning,Limited Eligibility,202,Harvard Business Impact
4299AV,4299AV-VIF-ENG,KAL,1_29ukk34x,,,How to Deliver an Engaging Presentation,Harvard Business School Publishing - Corporate Learning,Limited Eligibility,202,Harvard Business Impact
4320AV,4320AV-VIF-ENG,KAL,1_xydl72c5,,,Why Some Ads Go Viral and Others Don't,Harvard Business School Publishing - Corporate Learning,Limited Eligibility,218,Harvard Business Impact
4321AV,4321AV-VIF-ENG,KAL,1_k2yyjt88,,,Collaboration by Difference,Harvard Business School Publishing - Corporate Learning,Limited Eligibility,218,Harvard Business Impact
4322AV,4322AV-VIF-ENG,KAL,1_i6dhsa4e,,,Getting a Return on Improvement,Harvard Business School Publishing - Corporate Learning,Limited Eligibility,218,Harvard Business Impact
4324AV,4324AV-VIF-ENG,KAL,1_bo8e0grz,,,The Weight of Your Words,Harvard Business School Publishing - Corporate Learning,Limited Eligibility,218,Harvard Business Impact
4325AV,4325AV-VIF-ENG,KAL,1_yp6lk0i7,,,The Brontosaurus Effect,Harvard Business School Publishing - Corporate Learning,Limited Eligibility,218,Harvard Business Impact
4326AV,4326AV-VIF-ENG,KAL,1_6uwai04d,,,Why a Good Idea Isn't Enough,Harvard Business School Publishing - Corporate Learning,Limited Eligibility,218,Harvard Business Impact
4328AV,4328AV-VIF-ENG,KAL,1_fkyb8owh,,,Get Buy-in For Your New Strategy,Harvard Business School Publishing - Corporate Learning,Limited Eligibility,218,Harvard Business Impact
4329AV,4329AV-VIF-ENG,KAL,1_lkmthwyy,,,How to Manage Stakeholders,Harvard Business School Publishing - Corporate Learning,Limited Eligibility,218,Harvard Business Impact
4330AV,4330AV-VIF-ENG,KAL,1_mu6jtpcz,,,Make the Transition to Management,Harvard Business School Publishing - Corporate Learning,Limited Eligibility,218,Harvard Business Impact
4332AV,4332AV-VIF-ENG,KAL,1_kx99c6jv,,,The Healthy Fear That Drives Growth,Harvard Business School Publishing - Corporate Learning,Limited Eligibility,218,Harvard Business Impact
4333AV,4333AV-VIF-ENG,KAL,1_2tk50eoi,,,Design Your Product to Sell Itself,Harvard Business School Publishing - Corporate Learning,Limited Eligibility,218,Harvard Business Impact
4334AV,4334AV-VIF-ENG,KAL,1_rnbccanj,,,Approach Change with a Sense of Adventure,Harvard Business School Publishing - Corporate Learning,Limited Eligibility,218,Harvard Business Impact
4335AV,4335AV-VIF-ENG,KAL,1_tju8g9co,,,Negotiating on the Back of a Cocktail Napkin,Harvard Business School Publishing - Corporate Learning,Limited Eligibility,218,Harvard Business Impact
4336AV,4336AV-VIF-ENG,KAL,1_b74d3z6u,,,Start a Turnaround with a Strategy Map,Harvard Business School Publishing - Corporate Learning,Limited Eligibility,218,Harvard Business Impact
4337AV,4337AV-VIF-ENG,KAL,1_52mkk9q0,,,Leading in Leopard Print,Harvard Business School Publishing - Corporate Learning,Limited Eligibility,218,Harvard Business Impact
4339AV,4339AV-VIF-ENG,KAL,1_7y04dedq,,,Make Yourself a Global Asset,Harvard Business School Publishing - Corporate Learning,Limited Eligibility,218,Harvard Business Impact
4340AV,4340AV-VIF-ENG,KAL,1_08zhol8t,,,The Leadership Tango,Harvard Business School Publishing - Corporate Learning,Limited Eligibility,218,Harvard Business Impact
4341AV,4341AV-VIF-ENG,KAL,1_3l3vjix0,,,Find a Company that Fits,Harvard Business School Publishing - Corporate Learning,Limited Eligibility,218,Harvard Business Impact
4342AV,4342AV-VIF-ENG,KAL,1_mkzgeyhz,,,Use Social Media to Listen to Customers,Harvard Business School Publishing - Corporate Learning,Limited Eligibility,218,Harvard Business Impact
4344AV,4344AV-VIF-ENG,KAL,1_3yw2n3km,,,Build More than a Loyalty Program,Harvard Business School Publishing - Corporate Learning,Limited Eligibility,218,Harvard Business Impact
4350AV,4350AV-VIF-ENG,KAL,1_1u4tw31n,,,Creating an International Brand,Harvard Business School Publishing - Corporate Learning,Limited Eligibility,218,Harvard Business Impact
4351AV,4351AV-VIF-ENG,KAL,1_zf7mft0u,,,Find Your Voice in Meetings,Harvard Business School Publishing - Corporate Learning,Limited Eligibility,218,Harvard Business Impact
4352AV,4352AV-VIF-ENG,KAL,1_dh36uski,,,Managing Creative People,Harvard Business School Publishing - Corporate Learning,Limited Eligibility,218,Harvard Business Impact
4353AV,4353AV-VIF-ENG,KAL,1_wapm0te1,,,Find a Firm that Shares Your Values,Harvard Business School Publishing - Corporate Learning,Limited Eligibility,218,Harvard Business Impact
4354AV,4354AV-VIF-ENG,KAL,1_it9ekx51,,,The Art of Hiring For Your Firm's Future,Harvard Business School Publishing - Corporate Learning,Limited Eligibility,218,Harvard Business Impact
4356AV,4356AV-VIF-ENG,KAL,1_0sbilikc,,,Aikido Principles in Your Career,Harvard Business School Publishing - Corporate Learning,Limited Eligibility,218,Harvard Business Impact
4357AV,4357AV-VIF-ENG,KAL,1_w5dtr8jr,,,Defuse Difficult People,Harvard Business School Publishing - Corporate Learning,Limited Eligibility,218,Harvard Business Impact
4358AV,4358AV-VIF-ENG,KAL,1_hd7k2f51,,,Meditating on Wall Street,Harvard Business School Publishing - Corporate Learning,Limited Eligibility,218,Harvard Business Impact
4359AV,4359AV-VIF-ENG,KAL,1_l8rxjobw,,,Be Global; Act Local,Harvard Business School Publishing - Corporate Learning,Limited Eligibility,218,Harvard Business Impact
4360AV,4360AV-VIF-ENG,KAL,1_gbdv6c3a,,,Leading Innovation in a Large Company,Harvard Business School Publishing - Corporate Learning,Limited Eligibility,218,Harvard Business Impact
4361AV,4361AV-VIF-ENG,KAL,1_pombooz7,,,Let Passion Fuel Your Business,Harvard Business School Publishing - Corporate Learning,Limited Eligibility,218,Harvard Business Impact
4362AV,4362AV-VIF-ENG,KAL,1_ljz2c8bd,,,"Change Your Market, Not Your Product",Harvard Business School Publishing - Corporate Learning,Limited Eligibility,218,Harvard Business Impact
4363AV,4363AV-VIF-ENG,KAL,1_qwqiq6cw,,,The High-Ropes Challenge that Built a Great Team,Harvard Business School Publishing - Corporate Learning,Limited Eligibility,218,Harvard Business Impact
4364AV,4364AV-VIF-ENG,KAL,1_x8vjqzrx,,,Creative Feedback that Powers Innovation,Harvard Business School Publishing - Corporate Learning,Limited Eligibility,218,Harvard Business Impact
4366AV,4366AV-VIF-ENG,KAL,1_30x85ily,,,Teamwork on the Fly,Harvard Business School Publishing - Corporate Learning,Limited Eligibility,218,Harvard Business Impact
4367AV,4367AV-VIF-ENG,KAL,1_gjdp9rw2,,,Distinguish Good Failures from Bad Ones,Harvard Business School Publishing - Corporate Learning,Limited Eligibility,218,Harvard Business Impact
4369AV,4369AV-VIF-ENG,KAL,1_8y9ydsyn,,,Build Trust with Storytelling,Harvard Business School Publishing - Corporate Learning,Limited Eligibility,218,Harvard Business Impact
4370AV,4370AV-VIF-ENG,KAL,1_hgwooq5r,,,Four Characteristics of Trustworthy Managers,Harvard Business School Publishing - Corporate Learning,Limited Eligibility,218,Harvard Business Impact
4372AV,4372AV-VIF-ENG,KAL,1_o4i5nown,,,Characteristics of High-Performance Teams,Harvard Business School Publishing - Corporate Learning,Limited Eligibility,218,Harvard Business Impact
4373AV,4373AV-VIF-ENG,KAL,1_4mwo9pt2,,,How New Managers Can Establish Credibility,Harvard Business School Publishing - Corporate Learning,Limited Eligibility,218,Harvard Business Impact
4374AV,4374AV-VIF-ENG,KAL,1_anadr0dp,,,The Essentials of LinkedIn,Harvard Business School Publishing - Corporate Learning,Limited Eligibility,218,Harvard Business Impact
4375AV,4375AV-VIF-ENG,KAL,1_cppoebdr,,,How to Remember a Name,Harvard Business School Publishing - Corporate Learning,Limited Eligibility,218,Harvard Business Impact
4376AV,4376AV-VIF-ENG,KAL,1_igvd12ie,,,Advance Your Career with a Personal Brand,Harvard Business School Publishing - Corporate Learning,Limited Eligibility,218,Harvard Business Impact
4377AV,4377AV-VIF-ENG,KAL,1_qjvtvjn0,,,Pre-Sell Your Next Great Idea,Harvard Business School Publishing - Corporate Learning,Limited Eligibility,218,Harvard Business Impact
4379AV,4379AV-VIF-ENG,KAL,1_o8123c54,,,Finding Resilience After Tragedy,Harvard Business School Publishing - Corporate Learning,Limited Eligibility,218,Harvard Business Impact
4380AV,4380AV-VIF-ENG,KAL,1_ptf8y9ia,,,How to Network Now,Harvard Business School Publishing - Corporate Learning,Limited Eligibility,218,Harvard Business Impact
4381AV,4381AV-VIF-ENG,KAL,1_ym24knzs,,,Measure Your Team's Success,Harvard Business School Publishing - Corporate Learning,Limited Eligibility,218,Harvard Business Impact
4384AV,4384AV-VIF-ENG,KAL,1_r99mlhvz,,,How to Reach Customers in Emerging Markets,Harvard Business School Publishing - Corporate Learning,Limited Eligibility,218,Harvard Business Impact
4385AV,4385AV-VIF-ENG,KAL,1_5ve82pt7,,,Bring a Flexible Mindset to Innovation,Harvard Business School Publishing - Corporate Learning,Limited Eligibility,218,Harvard Business Impact
4386AV,4386AV-VIF-ENG,KAL,1_04qd00u2,,,Use Inclusive Marketing to Reach New Customers,Harvard Business School Publishing - Corporate Learning,Limited Eligibility,218,Harvard Business Impact
4387AV,4387AV-VIF-ENG,KAL,1_0n69j8jr,,,Create a Healthy Rivalry to Spur Innovation,Harvard Business School Publishing - Corporate Learning,Limited Eligibility,218,Harvard Business Impact
4388AV,4388AV-VIF-ENG,KAL,1_31lf6uls,,,How to Find a Peer Support Group,Harvard Business School Publishing - Corporate Learning,Limited Eligibility,218,Harvard Business Impact
4389AV,4389AV-VIF-ENG,KAL,1_478ftum1,,,Run a Disciplined Innovation Experiment,Harvard Business School Publishing - Corporate Learning,Limited Eligibility,218,Harvard Business Impact
4390AV,4390AV-VIF-ENG,KAL,1_d0rol57v,,,The Art of Career Development,Harvard Business School Publishing - Corporate Learning,Limited Eligibility,218,Harvard Business Impact
4391AV,4391AV-VIF-ENG,KAL,1_cdomqcyg,,,How to Manage Project Teams,Harvard Business School Publishing - Corporate Learning,Limited Eligibility,218,Harvard Business Impact
4392AV,4392AV-VIF-ENG,KAL,1_7uuzy9l8,,,Disrupt Yourself,Harvard Business School Publishing - Corporate Learning,Limited Eligibility,218,Harvard Business Impact
4393AV,4393AV-VIF-ENG,KAL,1_8g7w3slr,,,Don't Kill Employees' Dreams,Harvard Business School Publishing - Corporate Learning,Limited Eligibility,218,Harvard Business Impact
4395AV,4395AV-VIF-ENG,KAL,1_yazj7daq,,,Five Ways Leaders Hold Themselves Back,Harvard Business School Publishing - Corporate Learning,Limited Eligibility,218,Harvard Business Impact
4396AV,4396AV-VIF-ENG,KAL,1_rhbxqwpn,,,Essentials of Being a Great Boss,Harvard Business School Publishing - Corporate Learning,Limited Eligibility,218,Harvard Business Impact
4397AV,4397AV-VIF-ENG,KAL,0_5wsefomo,,,The Key to Being on Time,Harvard Business School Publishing - Corporate Learning,Limited Eligibility,218,Harvard Business Impact
4398AV,4398AV-VIF-ENG,KAL,0_vtkla033,,,Focus Your To-Do List,Harvard Business School Publishing - Corporate Learning,Limited Eligibility,218,Harvard Business Impact
4399AV,4399AV-VIF-ENG,KAL,1_b8d18ov8,,,The Ripple Effect of a Great Work Culture,Harvard Business School Publishing - Corporate Learning,Limited Eligibility,218,Harvard Business Impact
4400AV,4400AV-VIF-ENG,KAL,1_tg2tckw4,,,How Vision Can Improve Customer Service,Harvard Business School Publishing - Corporate Learning,Limited Eligibility,218,Harvard Business Impact
4402AV,4402AV-VIF-ENG,BCV,2226849476001,KAL,1_kbz4mlc4,Customer Service in a Crisis,Harvard Business School Publishing - Corporate Learning,Limited Eligibility,218,Harvard Business Impact
4403AV,4403AV-VIF-ENG,KAL,1_86tnrng9,,,How Not to Fire Someone,Harvard Business School Publishing - Corporate Learning,Limited Eligibility,218,Harvard Business Impact
4404AV,4404AV-VIF-ENG,KAL,1_0ml0pk2v,,,Leading Through a Crisis,Harvard Business School Publishing - Corporate Learning,Limited Eligibility,218,Harvard Business Impact
4405AV,4405AV-VIF-ENG,KAL,1_9w29sxon,,,Leadership Lessons from Parliament,Harvard Business School Publishing - Corporate Learning,Limited Eligibility,218,Harvard Business Impact
4406AV,4406AV-VIF-ENG,KAL,1_d81ringf,,,Seek Mentors Who Expand Your Comfort Zone,Harvard Business School Publishing - Corporate Learning,Limited Eligibility,218,Harvard Business Impact
4407AV,4407AV-VIF-ENG,KAL,1_0lrw1hsf,,,The Leader as Teacher,Harvard Business School Publishing - Corporate Learning,Limited Eligibility,218,Harvard Business Impact
4408AV,4408AV-VIF-ENG,KAL,1_uq5vce8u,,,A Formula for Building Trusting Relationships,Harvard Business School Publishing - Corporate Learning,Limited Eligibility,218,Harvard Business Impact
4409AV,4409AV-VIF-ENG,KAL,1_625a01mw,,,Leading Like a Swan,Harvard Business School Publishing - Corporate Learning,Limited Eligibility,218,Harvard Business Impact
4410AV,4410AV-VIF-ENG,KAL,1_r9rydoni,,,Create a Marketplace for Great Ideas,Harvard Business School Publishing - Corporate Learning,Limited Eligibility,218,Harvard Business Impact
4411AV,4411AV-VIF-ENG,KAL,1_iso3xoh9,,,Tolerate Weakness in Your Employees,Harvard Business School Publishing - Corporate Learning,Limited Eligibility,218,Harvard Business Impact
4412AV,4412AV-VIF-ENG,KAL,1_ourwz25a,,,The Best Indicator of Leadership Ability,Harvard Business School Publishing - Corporate Learning,Limited Eligibility,218,Harvard Business Impact
4413AV,4413AV-VIF-ENG,KAL,1_u0h08cwr,,,The Power of Stories in Corporate Culture,Harvard Business School Publishing - Corporate Learning,Limited Eligibility,218,Harvard Business Impact
4414AV,4414AV-VIF-ENG,KAL,1_zwoal7kg,,,How to Respond to Criticism,Harvard Business School Publishing - Corporate Learning,Limited Eligibility,218,Harvard Business Impact
4415AV,4415AV-VIF-ENG,KAL,1_n9b8huxy,,,How to Be a Good Listener,Harvard Business School Publishing - Corporate Learning,Limited Eligibility,218,Harvard Business Impact
4416AV,4416AV-VIF-ENG,KAL,1_3fk0jqxu,,,The Best Way to Handle Silence,Harvard Business School Publishing - Corporate Learning,Limited Eligibility,218,Harvard Business Impact
4417AV,4417AV-VIF-ENG,KAL,1_ohus4p1c,,,The Molecule Behind Effective Teamwork,Harvard Business School Publishing - Corporate Learning,Limited Eligibility,218,Harvard Business Impact
4421AV,4421AV-VIF-ENG,KAL,1_cq3ok4ds,,,Putting a Price on Customer Loyalty,Harvard Business School Publishing - Corporate Learning,Limited Eligibility,218,Harvard Business Impact
4423AV,4423AV-VIF-ENG,KAL,1_jgte3mqj,,,Three New Networks for the Digital Age,Harvard Business School Publishing - Corporate Learning,Limited Eligibility,218,Harvard Business Impact
4424AV,4424AV-VIF-ENG,KAL,1_1q8aozkd,,,Launch Your Next Idea Before It's Ready,Harvard Business School Publishing - Corporate Learning,Limited Eligibility,218,Harvard Business Impact
4425AV,4425AV-VIF-ENG,KAL,1_zr4vxt7f,,,Getting Strategy Execution Right,Harvard Business School Publishing - Corporate Learning,Limited Eligibility,218,Harvard Business Impact
4426AV,4426AV-VIF-ENG,KAL,1_g2jm46qw,,,What Do People Want from Their Leaders,Harvard Business School Publishing - Corporate Learning,Limited Eligibility,218,Harvard Business Impact
4427AV,4427AV-VIF-ENG,KAL,1_k3wn9chl,,,The Characteristics of Enduring Innovation,Harvard Business School Publishing - Corporate Learning,Limited Eligibility,218,Harvard Business Impact
4428AV,4428AV-VIF-ENG,KAL,1_5bq30zpl,,,Don't Be Afraid to Rethink Your Services,Harvard Business School Publishing - Corporate Learning,Limited Eligibility,218,Harvard Business Impact
4429AV,4429AV-VIF-ENG,KAL,1_qwhvet65,,,Simplify Your Strategy,Harvard Business School Publishing - Corporate Learning,Limited Eligibility,218,Harvard Business Impact
4433AV,4433AV-VIF-ENG,KAL,1_p4qcqd8g,,,Gain Competitive Advantage ? by Questioning Old Habits,Harvard Business School Publishing - Corporate Learning,Limited Eligibility,202,Harvard Business Impact
4436AV,4436AV-VIF-ENG,KAL,1_kd8wznmt,,,Mix and Match Management Practices for Global Success,Harvard Business School Publishing - Corporate Learning,Limited Eligibility,202,Harvard Business Impact
4438AV,4438AV-VIF-ENG,KAL,1_csq72xtr,,,Keeping Employees Engaged in a Stable Business,Harvard Business School Publishing - Corporate Learning,Limited Eligibility,202,Harvard Business Impact
4439AV,4439AV-VIF-ENG,KAL,1_ytgjzie8,,,A New Way to Prevent Employee Exhaustion,Harvard Business School Publishing - Corporate Learning,Limited Eligibility,202,Harvard Business Impact
4441AV,4441AV-VIF-ENG,KAL,1_e6x2li3r,,,Know When You Can't Lead Change,Harvard Business School Publishing - Corporate Learning,Limited Eligibility,202,Harvard Business Impact
4444AV,4444AV-VIF-ENG,KAL,1_ph91iurp,,,Succeeding in Volatile Emerging Markets,Harvard Business School Publishing - Corporate Learning,Limited Eligibility,202,Harvard Business Impact
4445AV,4445AV-VIF-ENG,KAL,1_lx5at2x9,,,Avoid Organizational Overconfidence,Harvard Business School Publishing - Corporate Learning,Limited Eligibility,202,Harvard Business Impact
4446AV,4446AV-VIF-ENG,KAL,1_sy9cgx14,,,Three Steps to Smart Globalization,Harvard Business School Publishing - Corporate Learning,Limited Eligibility,202,Harvard Business Impact
4448AV,4448AV-VIF-ENG,KAL,1_fb6f7ekn,,,Capitalize on Global Economic Hot Spots,Harvard Business School Publishing - Corporate Learning,Limited Eligibility,202,Harvard Business Impact
4449AV,4449AV-VIF-ENG,KAL,1_d8th4wsx,,,Foster Global Learning and Collaboration,Harvard Business School Publishing - Corporate Learning,Limited Eligibility,202,Harvard Business Impact
4450AV,4450AV-VIF-ENG,KAL,1_5f02omre,,,Design an Organization that Makes a Difference,Harvard Business School Publishing - Corporate Learning,Limited Eligibility,202,Harvard Business Impact
4451AV,4451AV-VIF-ENG,KAL,1_wneeiaej,,,Four Keys to Fast Innovation,Harvard Business School Publishing - Corporate Learning,Limited Eligibility,202,Harvard Business Impact
4453AV,4453AV-VIF-ENG,KAL,1_gdi9c0ej,,,Beauty as a Competitive Advantage,Harvard Business School Publishing - Corporate Learning,Limited Eligibility,202,Harvard Business Impact
4454AV,4454AV-VIF-ENG,KAL,1_xguxdk2c,,,Give Designers Room to Work,Harvard Business School Publishing - Corporate Learning,Limited Eligibility,202,Harvard Business Impact
4455AV,4455AV-VIF-ENG,KAL,1_09186q2v,,,Show Genuine Emotions at Work,Harvard Business School Publishing - Corporate Learning,Limited Eligibility,202,Harvard Business Impact
4458AV,4458AV-VIF-ENG,KAL,1_72clyrwr,,,Catalyzing Innovation in Your Team,Harvard Business School Publishing - Corporate Learning,Limited Eligibility,202,Harvard Business Impact
4459AV,4459AV-VIF-ENG,KAL,1_0yo3da7g,,,Master the Art of Unlearning,Harvard Business School Publishing - Corporate Learning,Limited Eligibility,202,Harvard Business Impact
4460AV,4460AV-VIF-ENG,KAL,1_a5i9qmdw,,,Speak Effectively to Lead Effectively,Harvard Business School Publishing - Corporate Learning,Limited Eligibility,202,Harvard Business Impact
4461AV,4461AV-VIF-ENG,KAL,1_te1vl1ly,,,When to Hire an Extreme Leader,Harvard Business School Publishing - Corporate Learning,Limited Eligibility,202,Harvard Business Impact
4462AV,4462AV-VIF-ENG,KAL,1_nfr07fgs,,,Four Skills for Managing Key Accounts,Harvard Business School Publishing - Corporate Learning,Limited Eligibility,202,Harvard Business Impact
4463AV,4463AV-VIF-ENG,KAL,1_74881q1i,,,Transition to Key Account Management,Harvard Business School Publishing - Corporate Learning,Limited Eligibility,202,Harvard Business Impact
4464AV,4464AV-VIF-ENG,KAL,1_20ugmy07,,,Turn Coaching Into Collaboration,Harvard Business School Publishing - Corporate Learning,Limited Eligibility,202,Harvard Business Impact
4465AV,4465AV-VIF-ENG,KAL,1_aj6i1uhe,,,Prepare Your Brain for Change,Harvard Business School Publishing - Corporate Learning,Limited Eligibility,202,Harvard Business Impact
4466AV,4466AV-VIF-ENG,KAL,1_nrqqsdgx,,,Make Strategy Discussions More Productive,Harvard Business School Publishing - Corporate Learning,Limited Eligibility,202,Harvard Business Impact
4467AV,4467AV-VIF-ENG,KAL,1_49cu0ygy,,,Connect with Any Audience,Harvard Business School Publishing - Corporate Learning,Limited Eligibility,202,Harvard Business Impact
4468AV,4468AV-VIF-ENG,KAL,1_xux8sbgo,,,Create Slides People Will Remember,Harvard Business School Publishing - Corporate Learning,Limited Eligibility,202,Harvard Business Impact
4469AV,4469AV-VIF-ENG,KAL,1_trinpbzv,,,How to Give Meaningful Feedback,Harvard Business School Publishing - Corporate Learning,Limited Eligibility,202,Harvard Business Impact
4470AV,4470AV-VIF-ENG,KAL,1_q2c14cs1,,,The Right Way to Conduct a Job Interview,Harvard Business School Publishing - Corporate Learning,Limited Eligibility,202,Harvard Business Impact
4471AV,4471AV-VIF-ENG,KAL,1_cw1p8crj,,,The Two Choices to Make in Strategy,Harvard Business School Publishing - Corporate Learning,Limited Eligibility,202,Harvard Business Impact
4472AV,4472AV-VIF-ENG,KAL,1_31yukqhs,,,Four Benefits of External Training Programs,Harvard Business School Publishing - Corporate Learning,Limited Eligibility,202,Harvard Business Impact
4473AV,4473AV-VIF-ENG,KAL,1_dw6q8vnc,,,How P&G Turned an Acquisition into a Core Competency,Harvard Business School Publishing - Corporate Learning,Limited Eligibility,202,Harvard Business Impact
4474AV,4474AV-VIF-ENG,KAL,1_saln32eq,,,"Before You Lead, Listen",Harvard Business School Publishing - Corporate Learning,Limited Eligibility,202,Harvard Business Impact
4475AV,4475AV-VIF-ENG,KAL,1_7p39o0ht,,,"Lead in Grey, Not in Black and White",Harvard Business School Publishing - Corporate Learning,Limited Eligibility,202,Harvard Business Impact
4476AV,4476AV-VIF-ENG,KAL,1_u0qbiuva,,,Good Leaders Admit Mistakes,Harvard Business School Publishing - Corporate Learning,Limited Eligibility,202,Harvard Business Impact
4477AV,4477AV-VIF-ENG,KAL,1_hq37ilqe,,,Set Bold Sustainability Goals,Harvard Business School Publishing - Corporate Learning,Limited Eligibility,202,Harvard Business Impact
4478AV,4478AV-VIF-ENG,KAL,1_xrs6asm3,,,"Sometimes, You Can't Juggle Priorities",Harvard Business School Publishing - Corporate Learning,Limited Eligibility,202,Harvard Business Impact
4479AV,4479AV-VIF-ENG,KAL,1_2bfnmgt8,,,How Managers Should Read Financial Statements,Harvard Business School Publishing - Corporate Learning,Limited Eligibility,202,Harvard Business Impact
4480AV,4480AV-VIF-ENG,KAL,1_ecc3borr,,,Push Employees to the Edge of Their Comfort Zones,Harvard Business School Publishing - Corporate Learning,Limited Eligibility,202,Harvard Business Impact
4481AV,4481AV-VIF-ENG,KAL,1_x6yddv9e,,,Innovative Ways to Change Customer Behavior,Harvard Business School Publishing - Corporate Learning,Limited Eligibility,202,Harvard Business Impact
4482AV,4482AV-VIF-ENG,KAL,1_ynizdpqb,,,Building a Global Brand,Harvard Business School Publishing - Corporate Learning,Limited Eligibility,202,Harvard Business Impact
4483AV,4483AV-VIF-ENG,KAL,1_wd322472,,,Find Your Next Growth Market,Harvard Business School Publishing - Corporate Learning,Limited Eligibility,202,Harvard Business Impact
4484AV,4484AV-VIF-ENG,KAL,1_kt3cta1j,,,Trust Your Team to Use Their Talent,Harvard Business School Publishing - Corporate Learning,Limited Eligibility,202,Harvard Business Impact
4485AV,4485AV-VIF-ENG,KAL,1_pwo37494,,,Refresh Your Marketing to Drive Sales,Harvard Business School Publishing - Corporate Learning,Limited Eligibility,202,Harvard Business Impact
4486AV,4486AV-VIF-ENG,KAL,1_gsmlciyh,,,"To Motivate Your Employees, Tap into Their Emotions",Harvard Business School Publishing - Corporate Learning,Limited Eligibility,202,Harvard Business Impact
4487AV,4487AV-VIF-ENG,KAL,1_uovqfnlu,,,"Why You Need a ""State of the Company"" Address",Harvard Business School Publishing - Corporate Learning,Limited Eligibility,202,Harvard Business Impact
4488AV,4488AV-VIF-ENG,KAL,1_n1rqcqjm,,,Don't Let Your Weaknesses Define You,Harvard Business School Publishing - Corporate Learning,Limited Eligibility,202,Harvard Business Impact
4489AV,4489AV-VIF-ENG,KAL,1_ac6jtvxe,,,Create a Life with Purpose,Harvard Business School Publishing - Corporate Learning,Limited Eligibility,202,Harvard Business Impact
4490AV,4490AV-VIF-ENG,KAL,1_x5y5qvtz,,,Prepare for an International Assignment,Harvard Business School Publishing - Corporate Learning,Limited Eligibility,202,Harvard Business Impact
4492AV,4492AV-VIF-ENG,KAL,1_h3dvtfv9,,,Becoming an Idea Entrepreneur,Harvard Business School Publishing - Corporate Learning,Limited Eligibility,202,Harvard Business Impact
4493AV,4493AV-VIF-ENG,KAL,1_0896830y,,,Take Control of Your Personal Brand,Harvard Business School Publishing - Corporate Learning,Limited Eligibility,202,Harvard Business Impact
4494AV,4494AV-VIF-ENG,KAL,1_2z5o94uy,,,Improve Your Leadership Presence,Harvard Business School Publishing - Corporate Learning,Limited Eligibility,202,Harvard Business Impact
4495AV,4495AV-VIF-ENG,KAL,1_bszch8sx,,,Reaching Across Cultures Without Losing Yourself,Harvard Business School Publishing - Corporate Learning,Limited Eligibility,202,Harvard Business Impact
4496AV,4496AV-VIF-ENG,KAL,1_pyqld870,,,Coach for Executive Presence,Harvard Business School Publishing - Corporate Learning,Limited Eligibility,202,Harvard Business Impact
4497AV,4497AV-VIF-ENG,KAL,1_lfittlzz,,,Measure Employee Productivity Accurately,Harvard Business School Publishing - Corporate Learning,Limited Eligibility,202,Harvard Business Impact
4498AV,4498AV-VIF-ENG,KAL,1_bh8dmeen,,,Find Success Your Own Way,Harvard Business School Publishing - Corporate Learning,Limited Eligibility,202,Harvard Business Impact
4499AV,4499AV-VIF-ENG,KAL,1_3am1abr4,,,Using Music to Teach Leadership,Harvard Business School Publishing - Corporate Learning,Limited Eligibility,202,Harvard Business Impact
4500AV,4500AV-VIF-ENG,KAL,0_3b2fjein,,,Leadership Takes Humility,Harvard Business School Publishing - Corporate Learning,Limited Eligibility,202,Harvard Business Impact
4501AV,4501AV-VIF-ENG,KAL,1_9hnxzmoh,,,Slingshot Your Career,Harvard Business School Publishing - Corporate Learning,Limited Eligibility,202,Harvard Business Impact
4502AV,4502AV-VIF-ENG,KAL,1_sp059er4,,,Use Values to Make Work-Life Decisions,Harvard Business School Publishing - Corporate Learning,Limited Eligibility,202,Harvard Business Impact
4503AV,4503AV-VIF-ENG,KAL,1_v4kbvt8q,,,How Google Markets with Emotion,Harvard Business School Publishing - Corporate Learning,Limited Eligibility,202,Harvard Business Impact
4504AV,4504AV-VIF-ENG,KAL,1_fb0tv3lh,,,Responding When Your Expertise Is Challenged,Harvard Business School Publishing - Corporate Learning,Limited Eligibility,202,Harvard Business Impact
4505AV,4505AV-VIF-ENG,KAL,1_53k8x4j4,,,Learn from the Person You're Mentoring,Harvard Business School Publishing - Corporate Learning,Limited Eligibility,202,Harvard Business Impact
4506AV,4506AV-VIF-ENG,KAL,1_7849bmjq,,,The Risk and Reward of Disagreeing with Your Boss,Harvard Business School Publishing - Corporate Learning,Limited Eligibility,218,Harvard Business Impact
4508AV,4508AV-VIF-ENG,KAL,1_no9mmbdt,,,Setting Expectations with Your New Team,Harvard Business School Publishing - Corporate Learning,Limited Eligibility,202,Harvard Business Impact
4509AV,4509AV-VIF-ENG,KAL,1_c90ldy14,,,Encourage Candor at Work,Harvard Business School Publishing - Corporate Learning,Limited Eligibility,202,Harvard Business Impact
4510AV,4510AV-VIF-ENG,KAL,1_p3aeyi7z,,,Learn from Your Customer,Harvard Business School Publishing - Corporate Learning,Limited Eligibility,202,Harvard Business Impact
4511AV,4511AV-VIF-ENG,KAL,1_x9nuw490,,,Give the Right People the Right Feedback,Harvard Business School Publishing - Corporate Learning,Limited Eligibility,202,Harvard Business Impact
4512AV,4512AV-VIF-ENG,KAL,1_7vynnd62,,,How Successful People Reach Their Goals,Harvard Business School Publishing - Corporate Learning,Limited Eligibility,202,Harvard Business Impact
4513AV,4513AV-VIF-ENG,KAL,1_ra8uv2f4,,,Know Your Team's Motivational Mindset,Harvard Business School Publishing - Corporate Learning,Limited Eligibility,202,Harvard Business Impact
4515AV,4515AV-VIF-ENG,KAL,1_god5h4b4,,,Why You Should Work Abroad,Harvard Business School Publishing - Corporate Learning,Limited Eligibility,202,Harvard Business Impact
4516AV,4516AV-VIF-ENG,KAL,1_y6q13tif,,,Keep Current; Keep Networking,Harvard Business School Publishing - Corporate Learning,Limited Eligibility,202,Harvard Business Impact
4518AV,4518AV-VIF-ENG,KAL,1_iol4josw,,,Employees Need Decisive Leaders,Harvard Business School Publishing - Corporate Learning,Limited Eligibility,202,Harvard Business Impact
4519AV,4519AV-VIF-ENG,KAL,1_1ix1chcb,,,Push Your Team to Think Globally,Harvard Business School Publishing - Corporate Learning,Limited Eligibility,202,Harvard Business Impact
4520AV,4520AV-VIF-ENG,KAL,1_nd6bfqev,,,Escape from Brainstorm Island,Harvard Business School Publishing - Corporate Learning,Limited Eligibility,202,Harvard Business Impact
4521AV,4521AV-VIF-ENG,KAL,0_fwk60t1x,,,Leading Teams When Times Are Tight,Harvard Business School Publishing - Corporate Learning,Limited Eligibility,202,Harvard Business Impact
4522AV,4522AV-VIF-ENG,KAL,1_1nr8rl1s,,,How to Build Trust on Your Virtual Team,Harvard Business School Publishing - Corporate Learning,Limited Eligibility,202,Harvard Business Impact
4523AV,4523AV-VIF-ENG,KAL,1_congre2y,,,Invest Your Time in Mentoring,Harvard Business School Publishing - Corporate Learning,Limited Eligibility,202,Harvard Business Impact
4524AV,4524AV-VIF-ENG,KAL,1_ywttjqoc,,,Don't Take Branding Shortcuts,Harvard Business School Publishing - Corporate Learning,Limited Eligibility,202,Harvard Business Impact
4525AV,4525AV-VIF-ENG,KAL,1_ni3uqbck,,,Fitting in with New Colleagues,Harvard Business School Publishing - Corporate Learning,Limited Eligibility,202,Harvard Business Impact
4526AV,4526AV-VIF-ENG,KAL,1_fh0rusf1,,,Key Conversations with Your New Boss,Harvard Business School Publishing - Corporate Learning,Limited Eligibility,202,Harvard Business Impact
4527AV,4527AV-VIF-ENG,KAL,1_lni5hem0,,,Establish Credibility in a New Job,Harvard Business School Publishing - Corporate Learning,Limited Eligibility,202,Harvard Business Impact
4528AV,4528AV-VIF-ENG,KAL,1_gftibzdc,,,Cashing In on Category Creation,Harvard Business School Publishing - Corporate Learning,Limited Eligibility,202,Harvard Business Impact
4529AV,4529AV-VIF-ENG,KAL,1_8yqm5t3m,,,Business Analytics Defined,Harvard Business School Publishing - Corporate Learning,Limited Eligibility,202,Harvard Business Impact
4530AV,4530AV-VIF-ENG,KAL,1_y4lt4uhc,,,How Managers Should Use Data,Harvard Business School Publishing - Corporate Learning,Limited Eligibility,202,Harvard Business Impact
4531AV,4531AV-VIF-ENG,KAL,1_2915reju,,,Exit an Unprofitable Line of Business,Harvard Business School Publishing - Corporate Learning,Limited Eligibility,202,Harvard Business Impact
4532AV,4532AV-VIF-ENG,KAL,1_yiumo1wc,,,Six Skills Middle Managers Need,Harvard Business School Publishing - Corporate Learning,Limited Eligibility,202,Harvard Business Impact
4536AV,4536AV-VIF-ENG,KAL,1_4z2owgo4,,,Three Rules to Make Your Company Exceptional,Harvard Business School Publishing - Corporate Learning,Limited Eligibility,202,Harvard Business Impact
4537AV,4537AV-VIF-ENG,KAL,1_dr2ywxlu,,,The Real Job of a Manager,Harvard Business School Publishing - Corporate Learning,Limited Eligibility,202,Harvard Business Impact
4538AV,4538AV-VIF-ENG,KAL,1_ouu0xru6,,,The PowerPoint Mistake Almost Everyone Makes,Harvard Business School Publishing - Corporate Learning,Limited Eligibility,202,Harvard Business Impact
4539AV,4539AV-VIF-ENG,KAL,1_480tvq60,,,How to React Non-Defensively,Harvard Business School Publishing - Corporate Learning,Limited Eligibility,202,Harvard Business Impact
4540AV,4540AV-VIF-ENG,KAL,1_p1w84bd4,,,Empower Your Customer-Facing Employees,Harvard Business School Publishing - Corporate Learning,Limited Eligibility,202,Harvard Business Impact
4541AV,4541AV-VIF-ENG,KAL,1_f8jn5yf4,,,The Foundation of Great Teamwork,Harvard Business School Publishing - Corporate Learning,Limited Eligibility,202,Harvard Business Impact
4542AV,4542AV-VIF-ENG,KAL,1_5nmr6wjb,,,Caring Managers Build Strong Organizations,Harvard Business School Publishing - Corporate Learning,Limited Eligibility,202,Harvard Business Impact
4545AV,4545AV-VIF-ENG,KAL,1_2yl50dm8,,,How to Avoid Stress in Uncertain Situations,Harvard Business School Publishing - Corporate Learning,Limited Eligibility,202,Harvard Business Impact
4546AV,4546AV-VIF-ENG,KAL,1_zhls2zhw,,,Create Time for Your Most Important Work,Harvard Business School Publishing - Corporate Learning,Limited Eligibility,202,Harvard Business Impact
4547AV,4547AV-VIF-ENG,KAL,1_ywr4lr3w,,,Defuse Tension to Come to an Agreement,Harvard Business School Publishing - Corporate Learning,Limited Eligibility,202,Harvard Business Impact
4548AV,4548AV-VIF-ENG,KAL,0_g0jnlpnm,,,How to Budget Your Time Effectively,Harvard Business School Publishing - Corporate Learning,Limited Eligibility,202,Harvard Business Impact
4549AV,4549AV-VIF-ENG,KAL,0_1b526hll,,,Understand What Success Means to You,Harvard Business School Publishing - Corporate Learning,Limited Eligibility,202,Harvard Business Impact
4560AV,4560AV-VIF-ENG,KAL,1_b5u1741m,,,Stretch Goals Aren't Comfortable,Harvard Business School Publishing - Corporate Learning,Limited Eligibility,218,Harvard Business Impact
4561AV,4561AV-VIF-ENG,KAL,1_8k36098x,,,Ambitious Goals Require a Shift in Mindset,Harvard Business School Publishing - Corporate Learning,Limited Eligibility,218,Harvard Business Impact
4562AV,4562AV-VIF-ENG,KAL,1_70rs2nod,,,Opportunity vs. Cost in a New Market,Harvard Business School Publishing - Corporate Learning,Limited Eligibility,218,Harvard Business Impact
4563AV,4563AV-VIF-ENG,KAL,1_cu3ewn7k,,,Tackle Finance with Curiosity,Harvard Business School Publishing - Corporate Learning,Limited Eligibility,218,Harvard Business Impact
4564AV,4564AV-VIF-ENG,KAL,1_zvfxzrct,,,Look Beyond Obvious Risks,Harvard Business School Publishing - Corporate Learning,Limited Eligibility,218,Harvard Business Impact
4565AV,4565AV-VIF-ENG,KAL,1_fym5t8ig,,,Confronting a Bad Deal,Harvard Business School Publishing - Corporate Learning,Limited Eligibility,218,Harvard Business Impact
4566AV,4566AV-VIF-ENG,KAL,1_83q03agu,,,The Value of Asking Open-Ended Questions,Harvard Business School Publishing - Corporate Learning,Limited Eligibility,218,Harvard Business Impact
4567AV,4567AV-VIF-ENG,KAL,1_7ereyqup,,,Setting Your Goals Without Jargon,Harvard Business School Publishing - Corporate Learning,Limited Eligibility,218,Harvard Business Impact
4568AV,4568AV-VIF-ENG,KAL,1_8xzpvybb,,,"Use ""Social Proof"" to Change Behavior",Harvard Business School Publishing - Corporate Learning,Limited Eligibility,218,Harvard Business Impact
4569AV,4569AV-VIF-ENG,KAL,1_9zp7ahd9,,,Listen for Your Clients' Real Needs,Harvard Business School Publishing - Corporate Learning,Limited Eligibility,218,Harvard Business Impact
4570AV,4570AV-VIF-ENG,KAL,0_1d8pzogr,,,Why You Need a Project Plan,Harvard Business School Publishing - Corporate Learning,Limited Eligibility,218,Harvard Business Impact
4572AV,4572AV-VIF-ENG,KAL,1_z90fulzg,,,Postmortems are Essential,Harvard Business School Publishing - Corporate Learning,Limited Eligibility,218,Harvard Business Impact
4573AV,4573AV-VIF-ENG,KAL,1_rl9f6ljb,,,Cash Is King?Don't Give It Away,Harvard Business School Publishing - Corporate Learning,Limited Eligibility,218,Harvard Business Impact
4574AV,4574AV-VIF-ENG,KAL,0_qp8ig4w2,,,Convince Executives to Measure Performance,Harvard Business School Publishing - Corporate Learning,Limited Eligibility,218,Harvard Business Impact
4575AV,4575AV-VIF-ENG,KAL,1_ocb2zhjf,,,Three Principles to Win Executive Approval,Harvard Business School Publishing - Corporate Learning,Limited Eligibility,218,Harvard Business Impact
4576AV,4576AV-VIF-ENG,KAL,1_on43gap4,,,Transforming a Hostile Encounter,Harvard Business School Publishing - Corporate Learning,Limited Eligibility,218,Harvard Business Impact
4577AV,4577AV-VIF-ENG,KAL,1_71amih04,,,Winning Your Exception to the Rule,Harvard Business School Publishing - Corporate Learning,Limited Eligibility,218,Harvard Business Impact
4578AV,4578AV-VIF-ENG,KAL,1_0vgyr6at,,,Energize Your Meeting With a Story,Harvard Business School Publishing - Corporate Learning,Limited Eligibility,218,Harvard Business Impact
4579AV,4579AV-VIF-ENG,KAL,1_hw7tybdp,,,Why Kindness is Good Business,Harvard Business School Publishing - Corporate Learning,Limited Eligibility,218,Harvard Business Impact
4581AV,4581AV-VIF-ENG,KAL,1_d15ykepz,,,How Empathy Can Launch a Conversation,Harvard Business School Publishing - Corporate Learning,Limited Eligibility,218,Harvard Business Impact
4582AV,4582AV-VIF-ENG,KAL,1_xafp37ny,,,Set the Tone for Trust,Harvard Business School Publishing - Corporate Learning,Limited Eligibility,218,Harvard Business Impact
4583AV,4583AV-VIF-ENG,KAL,1_yfqcsrbn,,,Listen Carefully to Your Employees' Feedback,Harvard Business School Publishing - Corporate Learning,Limited Eligibility,218,Harvard Business Impact
4584AV,4584AV-VIF-ENG,KAL,0_7z04f86l,,,Conduct First-Hand Market Research,Harvard Business School Publishing - Corporate Learning,Limited Eligibility,218,Harvard Business Impact
4585AV,4585AV-VIF-ENG,KAL,1_xmnw1j1c,,,Maintain Momentum with Focused Meetings,Harvard Business School Publishing - Corporate Learning,Limited Eligibility,218,Harvard Business Impact
4586AV,4586AV-VIF-ENG,KAL,1_r1t94moa,,,Why You Should Read Your Memo Out Loud,Harvard Business School Publishing - Corporate Learning,Limited Eligibility,218,Harvard Business Impact
4587AV,4587AV-VIF-ENG,KAL,1_pda2vble,,,Go Beyond Your Initial Idea of an Audience,Harvard Business School Publishing - Corporate Learning,Limited Eligibility,218,Harvard Business Impact
4588AV,4588AV-VIF-ENG,KAL,1_xdwfy6cs,,,Three Keys to Influencing Others,Harvard Business School Publishing - Corporate Learning,Limited Eligibility,218,Harvard Business Impact
4590AV,4590AV-VIF-ENG,KAL,1_ys63hzcb,,,A Process for Clear and Persuasive Writing,Harvard Business School Publishing - Corporate Learning,Limited Eligibility,218,Harvard Business Impact
4591AV,4591AV-VIF-ENG,KAL,1_j1pgdb8w,,,Five Ways to Improve Your Business Writing,Harvard Business School Publishing - Corporate Learning,Limited Eligibility,218,Harvard Business Impact
4592AV,4592AV-VIF-ENG,KAL,1_9o417kh1,,,Three Elements to Expressing Your Idea,Harvard Business School Publishing - Corporate Learning,Limited Eligibility,218,Harvard Business Impact
4593AV,4593AV-VIF-ENG,KAL,1_nesgdvzn,,,You Can Do Anything!,Harvard Business School Publishing - Corporate Learning,Limited Eligibility,218,Harvard Business Impact
4594AV,4594AV-VIF-ENG,KAL,1_kab6paxl,,,The Best Feedback Includes an Action Plan,Harvard Business School Publishing - Corporate Learning,Limited Eligibility,218,Harvard Business Impact
4595AV,4595AV-VIF-ENG,KAL,1_ulj7x044,,,Make Delegation Your Development Tool,Harvard Business School Publishing - Corporate Learning,Limited Eligibility,218,Harvard Business Impact
4597AV,4597AV-VIF-ENG,KAL,1_mb6tsd4b,,,What Can I Take Off Your Plate?,Harvard Business School Publishing - Corporate Learning,Limited Eligibility,218,Harvard Business Impact
4598AV,4598AV-VIF-ENG,KAL,1_91y6rxph,,,Make a Mentor Connection,Harvard Business School Publishing - Corporate Learning,Limited Eligibility,218,Harvard Business Impact
4599AV,4599AV-VIF-ENG,KAL,1_3bju91vi,,,Make Employees Responsible for Outcomes,Harvard Business School Publishing - Corporate Learning,Limited Eligibility,218,Harvard Business Impact
4600AV,4600AV-VIF-ENG,KAL,1_f29tjcff,,,Listen with Empathy to Improve Performance,Harvard Business School Publishing - Corporate Learning,Limited Eligibility,218,Harvard Business Impact
4602AV,4602AV-VIF-ENG,KAL,1_bq3yst9f,,,Deviating from the Business Plan,Harvard Business School Publishing - Corporate Learning,Limited Eligibility,218,Harvard Business Impact
4603AV,4603AV-VIF-ENG,KAL,1_nyqpmu33,,,"Fix Their Problem, Win the Deal",Harvard Business School Publishing - Corporate Learning,Limited Eligibility,218,Harvard Business Impact
4604AV,4604AV-VIF-ENG,KAL,1_rd6cl2g0,,,Secure Your Plan with the Right Team,Harvard Business School Publishing - Corporate Learning,Limited Eligibility,218,Harvard Business Impact
4605AV,4605AV-VIF-ENG,KAL,1_c3htuuk5,,,Crowdsourcing Inside Your Company,Harvard Business School Publishing - Corporate Learning,Limited Eligibility,218,Harvard Business Impact
4606AV,4606AV-VIF-ENG,KAL,1_1fxkux2e,,,Turn Your Office into a Creative Space,Harvard Business School Publishing - Corporate Learning,Limited Eligibility,218,Harvard Business Impact
4607AV,4607AV-VIF-ENG,KAL,1_il7zqi7k,,,Share What's Behind a Decision,Harvard Business School Publishing - Corporate Learning,Limited Eligibility,218,Harvard Business Impact
4608AV,4608AV-VIF-ENG,KAL,1_td2pcaxw,,,Lead Cultural Change Through Action,Harvard Business School Publishing - Corporate Learning,Limited Eligibility,218,Harvard Business Impact
4609AV,4609AV-VIF-ENG,KAL,1_rl54gfx3,,,Process Emotions Effectively to Manage Change,Harvard Business School Publishing - Corporate Learning,Limited Eligibility,218,Harvard Business Impact
4610AV,4610AV-VIF-ENG,KAL,1_s1n6k8g2,,,Rehearse and Refine Your Action Plan,Harvard Business School Publishing - Corporate Learning,Limited Eligibility,218,Harvard Business Impact
4611AV,4611AV-VIF-ENG,KAL,1_f8b8y0ml,,,Take Action After a Crisis,Harvard Business School Publishing - Corporate Learning,Limited Eligibility,218,Harvard Business Impact
4612AV,4612AV-VIF-ENG,KAL,1_aat7x1p6,,,Survive a Storm by Changing Course,Harvard Business School Publishing - Corporate Learning,Limited Eligibility,218,Harvard Business Impact
4613AV,4613AV-VIF-ENG,KAL,1_wnx8lpwe,,,One Frame of Reference Isn't Enough,Harvard Business School Publishing - Corporate Learning,Limited Eligibility,218,Harvard Business Impact
4614AV,4614AV-VIF-ENG,KAL,1_3su8ghuf,,,Always Be Open to Dissenting Opinions,Harvard Business School Publishing - Corporate Learning,Limited Eligibility,218,Harvard Business Impact
4615AV,4615AV-VIF-ENG,KAL,1_oau597kv,,,Make Allies to Champion Your Vision,Harvard Business School Publishing - Corporate Learning,Limited Eligibility,218,Harvard Business Impact
4616AV,4616AV-VIF-ENG,KAL,1_gn91rfxj,,,Good Coaching Inspires Self-Awareness,Harvard Business School Publishing - Corporate Learning,Limited Eligibility,218,Harvard Business Impact
4617AV,4617AV-VIF-ENG,KAL,1_a2sdew5j,,,How Managers Should Plan for Crises,Harvard Business School Publishing - Corporate Learning,Limited Eligibility,218,Harvard Business Impact
4618AV,4618AV-VIF-ENG,KAL,1_f4cyogno,,,Plan for the Worst Before a Crisis,Harvard Business School Publishing - Corporate Learning,Limited Eligibility,218,Harvard Business Impact
4619AV,4619AV-VIF-ENG,KAL,1_jhcm7yre,,,The Value of an Honest Performance Review,Harvard Business School Publishing - Corporate Learning,Limited Eligibility,218,Harvard Business Impact
4622AV,4622AV-VIF-ENG,KAL,0_j5pnrpdc,,,When to Give Someone a Second Chance,Harvard Business School Publishing - Corporate Learning,Limited Eligibility,218,Harvard Business Impact
4624AV,4624AV-VIF-ENG,KAL,1_i6bf7u5g,,,Let Employees Work Smart,Harvard Business School Publishing - Corporate Learning,Limited Eligibility,218,Harvard Business Impact
4625AV,4625AV-VIF-ENG,KAL,0_yi692ezo,,,Bring Discipline to Your Hiring Process,Harvard Business School Publishing - Corporate Learning,Limited Eligibility,218,Harvard Business Impact
4626AV,4626AV-VIF-ENG,KAL,0_uabs3x2l,,,How to Motivate and Keep Your Best Talent,Harvard Business School Publishing - Corporate Learning,Limited Eligibility,218,Harvard Business Impact
4627AV,4627AV-VIF-ENG,KAL,0_winog8aa,,,Tune Into the Skills Your Team Offers,Harvard Business School Publishing - Corporate Learning,Limited Eligibility,218,Harvard Business Impact
4628AV,4628AV-VIF-ENG,KAL,1_3jukpjc0,,,Decision Making for Results,Harvard Business School Publishing - Corporate Learning,Limited Eligibility,218,Harvard Business Impact
4631AV,4631AV-VIF-ENG,KAL,1_ijwnxmja,,,How to Concentrate Under Pressure,Harvard Business School Publishing - Corporate Learning,Limited Eligibility,218,Harvard Business Impact
4632AV,4632AV-VIF-ENG,KAL,1_47y2562e,,,Improve Your Relationship with Your Boss by Aligning Goals,Harvard Business School Publishing - Corporate Learning,Limited Eligibility,218,Harvard Business Impact
4633AV,4633AV-VIF-ENG,KAL,1_qaout5us,,,Expose a Problem You Cannot Solve,Harvard Business School Publishing - Corporate Learning,Limited Eligibility,218,Harvard Business Impact
4634AV,4634AV-VIF-ENG,KAL,1_90mwz7vx,,,Pushing Back on an Assignment,Harvard Business School Publishing - Corporate Learning,Limited Eligibility,218,Harvard Business Impact
4638AV,4638AV-VIF-ENG,KAL,0_wuong0ha,,,Master the Art of Effective Delegation,Harvard Business School Publishing - Corporate Learning,Limited Eligibility,218,Harvard Business Impact
4639AV,4639AV-VIF-ENG,KAL,1_qjanwjyd,,,Improve Training with Experiential Learning,Harvard Business School Publishing - Corporate Learning,Limited Eligibility,218,Harvard Business Impact
4640AV,4640AV-VIF-ENG,KAL,1_46m9vspd,,,How IBM's Vision Changed Strategy Execution,Harvard Business School Publishing - Corporate Learning,Limited Eligibility,218,Harvard Business Impact
4641AV,4641AV-VIF-ENG,KAL,1_6wviesop,,,The Benefits of Mastering Another Language,Harvard Business School Publishing - Corporate Learning,Limited Eligibility,218,Harvard Business Impact
4642AV,4642AV-VIF-ENG,KAL,1_ar5l9vck,,,Innovations That Are Long Overdue,Harvard Business School Publishing - Corporate Learning,Limited Eligibility,218,Harvard Business Impact
4643AV,4643AV-VIF-ENG,KAL,0_41ede2dv,,,Five Ways to Measure Performance,Harvard Business School Publishing - Corporate Learning,Limited Eligibility,218,Harvard Business Impact
4644AV,4644AV-VIF-ENG,KAL,1_41dj9ntp,,,Feedback is a Two-Way Street,Harvard Business School Publishing - Corporate Learning,Limited Eligibility,218,Harvard Business Impact
4645AV,4645AV-VIF-ENG,KAL,1_7hpa6bx2,,,Emotional Intelligence in Tough Conversations,Harvard Business School Publishing - Corporate Learning,Limited Eligibility,218,Harvard Business Impact
4646AV,4646AV-VIF-ENG,KAL,1_ko8festv,,,Craft a Story to Sell Your Business Case,Harvard Business School Publishing - Corporate Learning,Limited Eligibility,218,Harvard Business Impact
4647AV,4647AV-VIF-ENG,KAL,0_95253a4k,,,Experiment to Learn About Your Market,Harvard Business School Publishing - Corporate Learning,Limited Eligibility,218,Harvard Business Impact
4650AV,4650AV-VIF-ENG,KAL,1_lmla3xc7,,,Performance Reviews Shouldn't Be Surprising,Harvard Business School Publishing - Corporate Learning,Limited Eligibility,218,Harvard Business Impact
4651AV,4651AV-VIF-ENG,KAL,1_jwuo4dfn,,,Competition Gone Wrong,Harvard Business School Publishing - Corporate Learning,Limited Eligibility,218,Harvard Business Impact
4652AV,4652AV-VIF-ENG,KAL,1_utz6lufi,,,How Not to Lose Sleep Over Your Budget,Harvard Business School Publishing - Corporate Learning,Limited Eligibility,218,Harvard Business Impact
4653AV,4653AV-VIF-ENG,KAL,1_qk0ri5ff,,,Mission to Mars: The Budget,Harvard Business School Publishing - Corporate Learning,Limited Eligibility,218,Harvard Business Impact
4654AV,4654AV-VIF-ENG,KAL,1_e4j9286x,,,Budgeting in an Uncertain Market,Harvard Business School Publishing - Corporate Learning,Limited Eligibility,218,Harvard Business Impact
4656AV,4656AV-VIF-ENG,KAL,1_k4rtbkmn,,,How to Manage Scope Creep,Harvard Business School Publishing - Corporate Learning,Limited Eligibility,218,Harvard Business Impact
4657AV,4657AV-VIF-ENG,KAL,1_86si7jp2,,,"Focus on Solutions, Not Mistakes",Harvard Business School Publishing - Corporate Learning,Limited Eligibility,218,Harvard Business Impact
4658AV,4658AV-VIF-ENG,KAL,1_bv0sfq3r,,,How Delegation Helps Everyone,Harvard Business School Publishing - Corporate Learning,Limited Eligibility,218,Harvard Business Impact
4659AV,4659AV-VIF-ENG,KAL,1_2mxg9dmu,,,Create and Deliver a Strong Business Case,Harvard Business School Publishing - Corporate Learning,Limited Eligibility,218,Harvard Business Impact
4660AV,4660AV-VIF-ENG,KAL,1_z368gso6,,,Introduction to Budgeting,Harvard Business School Publishing - Corporate Learning,Limited Eligibility,218,Harvard Business Impact
4661AV,4661AV-VIF-ENG,KAL,1_8fubcohg,,,Understanding NPV,Harvard Business School Publishing - Corporate Learning,Limited Eligibility,218,Harvard Business Impact
4662AV,4662AV-VIF-ENG,KAL,1_7spjnz5r,,,Use Bad News to Your Advantage,Harvard Business School Publishing - Corporate Learning,Limited Eligibility,218,Harvard Business Impact
4663AV,4663AV-VIF-ENG,KAL,1_jgzmtrmp,,,Introduction to Business Case Development,Harvard Business School Publishing - Corporate Learning,Limited Eligibility,218,Harvard Business Impact
4664AV,4664AV-VIF-ENG,KAL,0_y0hcb383,,,Juggling Growth and Brand Identity,Harvard Business School Publishing - Corporate Learning,Limited Eligibility,218,Harvard Business Impact
4665AV,4665AV-VIF-ENG,KAL,1_5iyj1qic,,,When the Better Market is Risky,Harvard Business School Publishing - Corporate Learning,Limited Eligibility,218,Harvard Business Impact
4666AV,4666AV-VIF-ENG,KAL,1_svknbxdy,,, Introduction to Business Plan Development,Harvard Business School Publishing - Corporate Learning,Limited Eligibility,218,Harvard Business Impact
4667AV,4667AV-VIF-ENG,KAL,1_3ljwm6yp,,,Introduction to Career Management,Harvard Business School Publishing - Corporate Learning,Limited Eligibility,218,Harvard Business Impact
4670AV,4670AV-VIF-ENG,KAL,1_1avv7dww,,,Introduction to Crisis Management,Harvard Business School Publishing - Corporate Learning,Limited Eligibility,218,Harvard Business Impact
4671AV,4671AV-VIF-ENG,KAL,1_7lbv0a2x,,,Introduction to Customer Focus,Harvard Business School Publishing - Corporate Learning,Limited Eligibility,218,Harvard Business Impact
4672AV,4672AV-VIF-ENG,KAL,1_fycb77rl,,,Introduction to Decision Making,Harvard Business School Publishing - Corporate Learning,Limited Eligibility,218,Harvard Business Impact
4673AV,4673AV-VIF-ENG,KAL,1_tcvo0md9,,,Introduction to Delegating,Harvard Business School Publishing - Corporate Learning,Limited Eligibility,218,Harvard Business Impact
4674AV,4674AV-VIF-ENG,KAL,1_amwytdx8,,,Introduction to Developing Employees,Harvard Business School Publishing - Corporate Learning,Limited Eligibility,218,Harvard Business Impact
4675AV,4675AV-VIF-ENG,KAL,1_s3y35ntm,,,Introduction to Difficult Interactions,Harvard Business School Publishing - Corporate Learning,Limited Eligibility,218,Harvard Business Impact
4677AV,4677AV-VIF-ENG,KAL,1_gw4wtm13,,,Introduction to Ethics,Harvard Business School Publishing - Corporate Learning,Limited Eligibility,218,Harvard Business Impact
4678AV,4678AV-VIF-ENG,KAL,1_ka3of88x,,,Introduction to Feedback Essentials,Harvard Business School Publishing - Corporate Learning,Limited Eligibility,218,Harvard Business Impact
4679AV,4679AV-VIF-ENG,KAL,1_ul9qnx77,,,Introduction to Finance Essentials,Harvard Business School Publishing - Corporate Learning,Limited Eligibility,218,Harvard Business Impact
4681AV,4681AV-VIF-ENG,KAL,1_9ajdha03,,,Introduction to Goal Setting,Harvard Business School Publishing - Corporate Learning,Limited Eligibility,218,Harvard Business Impact
4682AV,4682AV-VIF-ENG,KAL,1_ir3ueoim,,,Introduction to Hiring,Harvard Business School Publishing - Corporate Learning,Limited Eligibility,218,Harvard Business Impact
4683AV,4683AV-VIF-ENG,KAL,1_oyf07bf9,,,Introduction to Innovation and Creativity,Harvard Business School Publishing - Corporate Learning,Limited Eligibility,218,Harvard Business Impact
4684AV,4684AV-VIF-ENG,KAL,1_8pckrv0i,,,Introduction to Innovation Implementation ,Harvard Business School Publishing - Corporate Learning,Limited Eligibility,218,Harvard Business Impact
4685AV,4685AV-VIF-ENG,KAL,1_bsfkv6b1,,,Leaders Are Made Not Born,Harvard Business School Publishing - Corporate Learning,Limited Eligibility,218,Harvard Business Impact
4686AV,4686AV-VIF-ENG,KAL,1_5h33mghz,,,Introduction to Managing Your Boss ,Harvard Business School Publishing - Corporate Learning,Limited Eligibility,218,Harvard Business Impact
4687AV,4687AV-VIF-ENG,KAL,1_f07ggfah,,,Introduction to Marketing Essentials,Harvard Business School Publishing - Corporate Learning,Limited Eligibility,218,Harvard Business Impact
4688AV,4688AV-VIF-ENG,KAL,1_nbls8gxd,,,Introduction to Meeting Management,Harvard Business School Publishing - Corporate Learning,Limited Eligibility,218,Harvard Business Impact
4689AV,4689AV-VIF-ENG,KAL,1_5tn0sbon,,,Introduction to Negotiating,Harvard Business School Publishing - Corporate Learning,Limited Eligibility,218,Harvard Business Impact
4690AV,4690AV-VIF-ENG,KAL,1_iqdyo9b4,,,Introduction to Performance Appraisals,Harvard Business School Publishing - Corporate Learning,Limited Eligibility,218,Harvard Business Impact
4691AV,4691AV-VIF-ENG,KAL,1_rdc0plck,,,Introduction to Performance Measurement ,Harvard Business School Publishing - Corporate Learning,Limited Eligibility,218,Harvard Business Impact
4693AV,4693AV-VIF-ENG,KAL,1_6rsbp45g,,,Introduction to Presentation Skills ,Harvard Business School Publishing - Corporate Learning,Limited Eligibility,218,Harvard Business Impact
4694AV,4694AV-VIF-ENG,KAL,1_06hemeu5,,,Introduction to Process Improvement,Harvard Business School Publishing - Corporate Learning,Limited Eligibility,218,Harvard Business Impact
4695AV,4695AV-VIF-ENG,KAL,1_9e5i4rvb,,,Introduction to Project Management ,Harvard Business School Publishing - Corporate Learning,Limited Eligibility,218,Harvard Business Impact
4696AV,4696AV-VIF-ENG,KAL,1_goedmr3w,,,Introduction to Retaining Employees,Harvard Business School Publishing - Corporate Learning,Limited Eligibility,218,Harvard Business Impact
4697AV,4697AV-VIF-ENG,KAL,1_pitf517b,,,Introduction to Strategic Thinking,Harvard Business School Publishing - Corporate Learning,Limited Eligibility,218,Harvard Business Impact
4698AV,4698AV-VIF-ENG,KAL,1_pzzj1qkc,,,Introduction to Strategy Planning and Execution ,Harvard Business School Publishing - Corporate Learning,Limited Eligibility,218,Harvard Business Impact
4699AV,4699AV-VIF-ENG,KAL,1_a6k97hmk,,,Introduction to Stress Management,Harvard Business School Publishing - Corporate Learning,Limited Eligibility,218,Harvard Business Impact
4700AV,4700AV-VIF-ENG,KAL,1_ncq6bi13,,,Introduction to Team Creation,Harvard Business School Publishing - Corporate Learning,Limited Eligibility,218,Harvard Business Impact
4701AV,4701AV-VIF-ENG,KAL,1_hjeu0oye,,,Introduction to Team Management ,Harvard Business School Publishing - Corporate Learning,Limited Eligibility,218,Harvard Business Impact
4702AV,4702AV-VIF-ENG,KAL,1_hwf46mhm,,,Introduction to Time Management ,Harvard Business School Publishing - Corporate Learning,Limited Eligibility,218,Harvard Business Impact
4703AV,4703AV-VIF-ENG,KAL,1_1h3udjmb,,,Introduction to Writing Skills,Harvard Business School Publishing - Corporate Learning,Limited Eligibility,218,Harvard Business Impact
4710AV,4710AV-VIF-ENG,KAL,1_w5cifvq9,,,"While Coaching, Listen More Than You Talk - Wrong Way ",Harvard Business School Publishing - Corporate Learning,Limited Eligibility,218,Harvard Business Impact
4711AV,4711AV-VIF-ENG,KAL,1_n256ugon,,,"While Coaching, Listen More Than You Talk - Ask the Coach",Harvard Business School Publishing - Corporate Learning,Limited Eligibility,218,Harvard Business Impact
4712AV,4712AV-VIF-ENG,KAL,1_y7xqnvz1,,,"While Coaching, Listen More Than You Talk - Better Way",Harvard Business School Publishing - Corporate Learning,Limited Eligibility,218,Harvard Business Impact
4716AV,4716AV-VIF-ENG,KAL,1_ufs3lt3g,,,Avoid Narrow Thinking While Making Decisions - Wrong Way ,Harvard Business School Publishing - Corporate Learning,Limited Eligibility,218,Harvard Business Impact
4717AV,4717AV-VIF-ENG,KAL,1_0lmvep1o,,,Avoid Narrow Thinking While Making Decisions - Ask the Coach,Harvard Business School Publishing - Corporate Learning,Limited Eligibility,218,Harvard Business Impact
4718AV,4718AV-VIF-ENG,KAL,1_3p0aae62,,,Avoid Narrow Thinking While Making Decisions - Better Way,Harvard Business School Publishing - Corporate Learning,Limited Eligibility,218,Harvard Business Impact
4722AV,4722AV-VIF-ENG,KAL,1_hycvw9q9,,,Motivate a Problem Employee - Wrong Way ,Harvard Business School Publishing - Corporate Learning,Limited Eligibility,218,Harvard Business Impact
4723AV,4723AV-VIF-ENG,KAL,1_3uvy6m88,,,Motivate a Problem Employee - Ask the Coach,Harvard Business School Publishing - Corporate Learning,Limited Eligibility,218,Harvard Business Impact
4724AV,4724AV-VIF-ENG,KAL,1_sfptylyy,,,Motivate a Problem Employee - Better Way,Harvard Business School Publishing - Corporate Learning,Limited Eligibility,218,Harvard Business Impact
4728AV,4728AV-VIF-ENG,KAL,1_btuctlky,,,Adapt Your Business While Developing Employees,Harvard Business School Publishing - Corporate Learning,Limited Eligibility,218,Harvard Business Impact
4729AV,4729AV-VIF-ENG,KAL,1_eng06qwh,,,Three Keys to Resolving a Crisis,Harvard Business School Publishing - Corporate Learning,Limited Eligibility,218,Harvard Business Impact
4734AV,4734AV-VIF-ENG,KAL,1_ng99lcnd,,,Stay Open When Receiving Feedback - Wrong Way ,Harvard Business School Publishing - Corporate Learning,Limited Eligibility,218,Harvard Business Impact
4735AV,4735AV-VIF-ENG,KAL,1_teylcigf,,,Stay Open When Receiving Feedback -Ask the Coach,Harvard Business School Publishing - Corporate Learning,Limited Eligibility,218,Harvard Business Impact
4736AV,4736AV-VIF-ENG,KAL,1_8p9leiej,,,Stay Open When Receiving Feedback -Better Way,Harvard Business School Publishing - Corporate Learning,Limited Eligibility,218,Harvard Business Impact
4737AV,4737AV-VIF-ENG,KAL,1_j9g3a2y1,,,Is Your Boss a Leader or a Listener - Wrong Way,Harvard Business School Publishing - Corporate Learning,Limited Eligibility,218,Harvard Business Impact
4738AV,4738AV-VIF-ENG,KAL,1_z2qcdpg7,,,Is Your Boss a Leader or a Listener - Ask the Coach,Harvard Business School Publishing - Corporate Learning,Limited Eligibility,218,Harvard Business Impact
4739AV,4739AV-VIF-ENG,KAL,1_ffkzy5rm,,,Is Your Boss a Leader or a Listener - Better Way,Harvard Business School Publishing - Corporate Learning,Limited Eligibility,218,Harvard Business Impact
4740AV,4740AV-VIF-ENG,KAL,1_brn07s25,,,Ask for Clarification on an Assignment - Wrong Way ,Harvard Business School Publishing - Corporate Learning,Limited Eligibility,218,Harvard Business Impact
4741AV,4741AV-VIF-ENG,KAL,1_2wcescn4,,,Ask for Clarification on an Assignment - Ask the Coach,Harvard Business School Publishing - Corporate Learning,Limited Eligibility,218,Harvard Business Impact
4742AV,4742AV-VIF-ENG,KAL,1_b7bs26qg,,,Ask for Clarification on an Assignment - Better Way,Harvard Business School Publishing - Corporate Learning,Limited Eligibility,218,Harvard Business Impact
4743AV,4743AV-VIF-ENG,KAL,1_9ytuwp0d,,, Always Prepare for Meetings - Wrong Way ,Harvard Business School Publishing - Corporate Learning,Limited Eligibility,218,Harvard Business Impact
4744AV,4744AV-VIF-ENG,KAL,1_uem0zrj0,,,Always Prepare for Meetings - Ask the Coach,Harvard Business School Publishing - Corporate Learning,Limited Eligibility,218,Harvard Business Impact
4745AV,4745AV-VIF-ENG,KAL,1_1qeurtak,,,Always Prepare for Meetings - Better Way,Harvard Business School Publishing - Corporate Learning,Limited Eligibility,218,Harvard Business Impact
4752AV,4752AV-VIF-ENG,KAL,1_gprzux6e,,,"Negotiate Interests, Not Positions - Wrong Way ",Harvard Business School Publishing - Corporate Learning,Limited Eligibility,218,Harvard Business Impact
4753AV,4753AV-VIF-ENG,KAL,1_jfopax9q,,,"Negotiate Interests, Not Positions - Ask the Coach",Harvard Business School Publishing - Corporate Learning,Limited Eligibility,218,Harvard Business Impact
4754AV,4754AV-VIF-ENG,KAL,1_k6m1iglf,,,"Negotiate Interests, Not Positions - Better Way",Harvard Business School Publishing - Corporate Learning,Limited Eligibility,218,Harvard Business Impact
4755AV,4755AV-VIF-ENG,KAL,1_0gatfdam,,,Provide Balanced Feedback on Employees Performance - Wrong Way ,Harvard Business School Publishing - Corporate Learning,Limited Eligibility,218,Harvard Business Impact
4756AV,4756AV-VIF-ENG,KAL,1_wyjw36ox,,,Provide Balanced Feedback on Employees Performance - Ask the Coach,Harvard Business School Publishing - Corporate Learning,Limited Eligibility,218,Harvard Business Impact
4757AV,4757AV-VIF-ENG,KAL,1_nu4sjjni,,,Provide Balanced Feedback on Employees Performance - A Better Way,Harvard Business School Publishing - Corporate Learning,Limited Eligibility,218,Harvard Business Impact
4758AV,4758AV-VIF-ENG,KAL,1_rmj6kuan,,,Set Clear Goals for Employees Before Performance Appraisal - Wrong Way ,Harvard Business School Publishing - Corporate Learning,Limited Eligibility,218,Harvard Business Impact
4759AV,4759AV-VIF-ENG,KAL,1_8lidcnd8,,,Set Clear Goals for Employees Before Performance Appraisal - Ask the Coach,Harvard Business School Publishing - Corporate Learning,Limited Eligibility,218,Harvard Business Impact
4760AV,4760AV-VIF-ENG,KAL,1_hzvln30b,,,Set Clear Goals for Employees Before Performance Appraisal - Better Way,Harvard Business School Publishing - Corporate Learning,Limited Eligibility,218,Harvard Business Impact
4761AV,4761AV-VIF-ENG,KAL,1_yton3wzc,,,Establish Your Credibility but Balance it with Humility - Wrong Way ,Harvard Business School Publishing - Corporate Learning,Limited Eligibility,218,Harvard Business Impact
4762AV,4762AV-VIF-ENG,KAL,1_k2ulmyhu,,,Establish Your Credibility but Balance it with Humility - Ask the Coach,Harvard Business School Publishing - Corporate Learning,Limited Eligibility,218,Harvard Business Impact
4763AV,4763AV-VIF-ENG,KAL,1_19tvx760,,,Establish Your Credibility but Balance it with Humility - Better Way,Harvard Business School Publishing - Corporate Learning,Limited Eligibility,218,Harvard Business Impact
4764AV,4764AV-VIF-ENG,KAL,1_zpldp3po,,,Know the Signs of Burnout - Wrong Way ,Harvard Business School Publishing - Corporate Learning,Limited Eligibility,218,Harvard Business Impact
4765AV,4765AV-VIF-ENG,KAL,1_92n8rfk7,,,Know the Signs of Burnout - Ask the Coach,Harvard Business School Publishing - Corporate Learning,Limited Eligibility,218,Harvard Business Impact
4766AV,4766AV-VIF-ENG,KAL,1_ff2zrrez,,,Know the Signs of Burnout -Better Way,Harvard Business School Publishing - Corporate Learning,Limited Eligibility,218,Harvard Business Impact
4767AV,4767AV-VIF-ENG,KAL,1_s3qgqq9p,,,How to Talk with Your Boss about Work Overload - Wrong Way ,Harvard Business School Publishing - Corporate Learning,Limited Eligibility,218,Harvard Business Impact
4768AV,4768AV-VIF-ENG,KAL,1_ke2z7wr1,,,How to Talk with Your Boss about Work Overload -Ask the Coach,Harvard Business School Publishing - Corporate Learning,Limited Eligibility,218,Harvard Business Impact
4769AV,4769AV-VIF-ENG,KAL,1_82ydetlj,,,How to Talk with Your Boss about Work Overload -Better Way,Harvard Business School Publishing - Corporate Learning,Limited Eligibility,218,Harvard Business Impact
4773AV,4773AV-VIF-ENG,KAL,1_37rt6ebp,,,Experimenting with Team Leadership,Harvard Business School Publishing - Corporate Learning,Limited Eligibility,218,Harvard Business Impact
4774AV,4774AV-VIF-ENG,KAL,1_oe31erhi,,,Put a Good Idea into Action,Harvard Business School Publishing - Corporate Learning,Limited Eligibility,218,Harvard Business Impact
4775AV,4775AV-VIF-ENG,KAL,1_5j2j20nx,,,Collaborate by Sharing a Strong Outline,Harvard Business School Publishing - Corporate Learning,Limited Eligibility,218,Harvard Business Impact
4777AV,4777AV-VIF-ENG,KAL,1_7oyi03c1,,,When IBM Changed Its Meeting Culture,Harvard Business School Publishing - Corporate Learning,Limited Eligibility,218,Harvard Business Impact
4779AV,4779AV-VIF-ENG,KAL,1_5l8kq2jd,,,Negotiation on the Eve of Battle,Harvard Business School Publishing - Corporate Learning,Limited Eligibility,218,Harvard Business Impact
4781AV,4781AV-VIF-ENG,KAL,1_yzmerhyt,,,Balancing Opportunity and Uncertainty,Harvard Business School Publishing - Corporate Learning,Limited Eligibility,218,Harvard Business Impact
4782AV,4782AV-VIF-ENG,KAL,1_ws37qoek,,,Introduction to Coaching,Harvard Business School Publishing - Corporate Learning,Limited Eligibility,218,Harvard Business Impact
4783AV,4783AV-VIF-ENG,KAL,1_p0gvkvhu,,,A Framework for Authentic Leadership,Harvard Business School Publishing - Corporate Learning,Limited Eligibility,218,Harvard Business Impact
4784AV,4784AV-VIF-ENG,KAL,1_r4mjekwt,,,A True Conversation About Performance,Harvard Business School Publishing - Corporate Learning,Limited Eligibility,218,Harvard Business Impact
4785AV,4785AV-VIF-ENG,KAL,1_iaabh2zf,,,How Others See You in Negotiation,Harvard Business School Publishing - Corporate Learning,Limited Eligibility,218,Harvard Business Impact
4786AV,4786AV-VIF-ENG,KAL,1_4oyt67f1,,,Bringing Work Home,Harvard Business School Publishing - Corporate Learning,Limited Eligibility,218,Harvard Business Impact
4787AV,4787AV-VIF-ENG,KAL,1_xwaiyonm,,,How to Overcome Negotiation Anxiety,Harvard Business School Publishing - Corporate Learning,Limited Eligibility,218,Harvard Business Impact
4788AV,4788AV-VIF-ENG,KAL,1_jahxas92,,,Choose Your Means of Communication,Harvard Business School Publishing - Corporate Learning,Limited Eligibility,218,Harvard Business Impact
4789AV,4789AV-VIF-ENG,KAL,1_e9xupsd0,,,What Are We Not Considering?,Harvard Business School Publishing - Corporate Learning,Limited Eligibility,218,Harvard Business Impact
4790AV,4790AV-VIF-ENG,KAL,1_w0x6n2ls,,,"Observe, Orient, Decide, Act",Harvard Business School Publishing - Corporate Learning,Limited Eligibility,218,Harvard Business Impact
4791AV,4791AV-VIF-ENG,KAL,1_pysbirus,,,The Golden Rule in Negotiation,Harvard Business School Publishing - Corporate Learning,Limited Eligibility,218,Harvard Business Impact
4792AV,4792AV-VIF-ENG,KAL,1_ksjzzvj5,,,Don't Infer the Worst About Applicants,Harvard Business School Publishing - Corporate Learning,Limited Eligibility,218,Harvard Business Impact
4793AV,4793AV-VIF-ENG,KAL,1_5klugjsb,,,Searching for Meaning and Challenge at Work,Harvard Business School Publishing - Corporate Learning,Limited Eligibility,218,Harvard Business Impact
4794AV,4794AV-VIF-ENG,KAL,1_8aaptzow,,,Stemming the Millenial Job Hop,Harvard Business School Publishing - Corporate Learning,Limited Eligibility,218,Harvard Business Impact
4795AV,4795AV-VIF-ENG,KAL,1_rmnx4y0p,,,Generational Differences and Information Seeking,Harvard Business School Publishing - Corporate Learning,Limited Eligibility,218,Harvard Business Impact
4796AV,4796AV-VIF-ENG,KAL,1_h0wuyit3,,,Lessons from a Civil War Hero,Harvard Business School Publishing - Corporate Learning,Limited Eligibility,218,Harvard Business Impact
4798AV,4798AV-VIF-ENG,KAL,1_2nl3zfmz,,,An Emotionally Engaged Leader,Harvard Business School Publishing - Corporate Learning,Limited Eligibility,218,Harvard Business Impact
4799AV,4799AV-VIF-ENG,KAL,1_wb98g3y7,,,Communicating with 140 Characters,Harvard Business School Publishing - Corporate Learning,Limited Eligibility,218,Harvard Business Impact
4801AV,4801AV-VIF-ENG,KAL,1_r4p8vy6y,,,Customer Focus is in Our DNA,Harvard Business School Publishing - Corporate Learning,Limited Eligibility,218,Harvard Business Impact
4802AV,4802AV-VIF-ENG,KAL,1_41nk55u4,,,Change a Difficult Work Relationship,Harvard Business School Publishing - Corporate Learning,Limited Eligibility,218,Harvard Business Impact
4803AV,4803AV-VIF-ENG,KAL,1_ec88xzp4,,,Be Present with Each Task,Harvard Business School Publishing - Corporate Learning,Limited Eligibility,218,Harvard Business Impact
4804AV,4804AV-VIF-ENG,KAL,1_zusz55i7,,,Clarify Your Boss's Preferences,Harvard Business School Publishing - Corporate Learning,Limited Eligibility,218,Harvard Business Impact
4805AV,4805AV-VIF-ENG,KAL,1_0kbhk614,,,Turning Data into Value,Harvard Business School Publishing - Corporate Learning,Limited Eligibility,218,Harvard Business Impact
4806AV,4806AV-VIF-ENG,KAL,1_849av69w,,,What Customer Loyalty Means,Harvard Business School Publishing - Corporate Learning,Limited Eligibility,218,Harvard Business Impact
4807AV,4807AV-VIF-ENG,KAL,1_vh4zloqz,,,Design Touchpoints for Customer Engagement,Harvard Business School Publishing - Corporate Learning,Limited Eligibility,218,Harvard Business Impact
4808AV,4808AV-VIF-ENG,KAL,1_wuxdzo6b,,,Managing Multiple Bosses,Harvard Business School Publishing - Corporate Learning,Limited Eligibility,218,Harvard Business Impact
4809AV,4809AV-VIF-ENG,KAL,1_2j7naoq7,,,Keys to Effective Time Management,Harvard Business School Publishing - Corporate Learning,Limited Eligibility,218,Harvard Business Impact
4810AV,4810AV-VIF-ENG,KAL,1_s3exhtpb,,,Turning Hackers into Collaborators,Harvard Business School Publishing - Corporate Learning,Limited Eligibility,218,Harvard Business Impact
4811AV,4811AV-VIF-ENG,KAL,1_pv3nb4ka,,,Primed for Success,Harvard Business School Publishing - Corporate Learning,Limited Eligibility,218,Harvard Business Impact
4812AV,4812AV-VIF-ENG,KAL,1_mtaucv65,,,Take Age out of the Equation,Harvard Business School Publishing - Corporate Learning,Limited Eligibility,218,Harvard Business Impact
4813AV,4813AV-VIF-ENG,KAL,1_ydyiypuw,,,Negotiation Agility,Harvard Business School Publishing - Corporate Learning,Limited Eligibility,218,Harvard Business Impact
4814AV,4814AV-VIF-ENG,KAL,1_14oyl07m,,,"Why You're Micromanaging, and How to Stop",Harvard Business School Publishing - Corporate Learning,Limited Eligibility,218,Harvard Business Impact
4815AV,4815AV-VIF-ENG,KAL,1_hpbnafgz,,,Confronting Ethical Issues at Work,Harvard Business School Publishing - Corporate Learning,Limited Eligibility,218,Harvard Business Impact
4816AV,4816AV-VIF-ENG,KAL,1_m6jys3h4,,,Make Your Employees Feel Respected,Harvard Business School Publishing - Corporate Learning,Limited Eligibility,218,Harvard Business Impact
4817AV,4817AV-VIF-ENG,KAL,1_rk7ur3br,,, Position Your International Team for Success,Harvard Business School Publishing - Corporate Learning,Limited Eligibility,218,Harvard Business Impact
4818AV,4818AV-VIF-ENG,KAL,1_4sttjfq0,,,The (Im)precision of Finance,Harvard Business School Publishing - Corporate Learning,Limited Eligibility,218,Harvard Business Impact
4819AV,4819AV-VIF-ENG,KAL,1_2x1iw279,,,Be Less of a Boss and More of a Coach,Harvard Business School Publishing - Corporate Learning,Limited Eligibility,218,Harvard Business Impact
4820AV,4820AV-VIF-ENG,KAL,1_9teb4cyx,,,Reorganize a Team for More Impact,Harvard Business School Publishing - Corporate Learning,Limited Eligibility,218,Harvard Business Impact
4821AV,4821AV-VIF-ENG,KAL,1_k65otit7,,,Create Rules to Unify Your Team,Harvard Business School Publishing - Corporate Learning,Limited Eligibility,218,Harvard Business Impact
4823AV,4823AV-VIF-ENG,KAL,0_v3iieenp,,,Make Measurement Public to Increase Buy-In,Harvard Business School Publishing - Corporate Learning,Limited Eligibility,218,Harvard Business Impact
4824AV,4824AV-VIF-ENG,KAL,1_6vanmrvi,,,A Roadmap to Better Project Management,Harvard Business School Publishing - Corporate Learning,Limited Eligibility,218,Harvard Business Impact
4825AV,4825AV-VIF-ENG,KAL,1_aypy3rdv,,,The Best Response to Customer Complaints,Harvard Business School Publishing - Corporate Learning,Limited Eligibility,218,Harvard Business Impact
4826AV,4826AV-VIF-ENG,KAL,1_6xku5w9x,,,Tap the Wisdom of Frontline Employees,Harvard Business School Publishing - Corporate Learning,Limited Eligibility,218,Harvard Business Impact
4827AV,4827AV-VIF-ENG,KAL,1_alrxzp1z,,,Know Your Plays,Harvard Business School Publishing - Corporate Learning,Limited Eligibility,218,Harvard Business Impact
4829AV,4829AV-VIF-ENG,KAL,1_8qdqrij3,,,Sandeep and Mia update project stakeholders,Harvard Business School Publishing - Corporate Learning,Limited Eligibility,218,Harvard Business Impact
4830AV,4830AV-VIF-ENG,KAL,1_7f94tfim,,,"Sandeep and Mia, a few minutes later ",Harvard Business School Publishing - Corporate Learning,Limited Eligibility,218,Harvard Business Impact
4831AV,4831AV-VIF-ENG,KAL,1_hafjmvda,,,"Sandeep and Mia, later in the conversation ",Harvard Business School Publishing - Corporate Learning,Limited Eligibility,218,Harvard Business Impact
4832AV,4832AV-VIF-ENG,KAL,1_qke2kbhj,,,Alicia and Rick discuss the promotional campaign ,Harvard Business School Publishing - Corporate Learning,Limited Eligibility,218,Harvard Business Impact
4833AV,4833AV-VIF-ENG,KAL,1_gp2ptavw,,,"Alicia and Rick, the next day ",Harvard Business School Publishing - Corporate Learning,Limited Eligibility,218,Harvard Business Impact
4834AV,4834AV-VIF-ENG,KAL,1_igzuk4f6,,,"Alicia and Rick, later in the conversation",Harvard Business School Publishing - Corporate Learning,Limited Eligibility,218,Harvard Business Impact
4835AV,4835AV-VIF-ENG,KAL,1_sngqsu40,,,Emily and Philip debate the design process,Harvard Business School Publishing - Corporate Learning,Limited Eligibility,218,Harvard Business Impact
4836AV,4836AV-VIF-ENG,KAL,1_8s8bdm1r,,,Mapping an Operational Network,Harvard Business School Publishing - Corporate Learning,Limited Eligibility,218,Harvard Business Impact
4837AV,4837AV-VIF-ENG,KAL,1_pciobcet,,,Felix and Sarah meet to resolve a conflict,Harvard Business School Publishing - Corporate Learning,Limited Eligibility,218,Harvard Business Impact
4838AV,4838AV-VIF-ENG,KAL,1_f0mq6jgr,,,Felix and Sarah explore solutions together,Harvard Business School Publishing - Corporate Learning,Limited Eligibility,218,Harvard Business Impact
4839AV,4839AV-VIF-ENG,KAL,1_f5iyd49b,,,Sarah and Felix come to an agreement,Harvard Business School Publishing - Corporate Learning,Limited Eligibility,218,Harvard Business Impact
4840AV,4840AV-VIF-ENG,KAL,1_44rbhw78,,,A Well-Planned Conversation,Harvard Business School Publishing - Corporate Learning,Limited Eligibility,218,Harvard Business Impact
4841AV,4841AV-VIF-ENG,KAL,1_6q3hmvc9,,,Identify Your Default Approach to Conflict,Harvard Business School Publishing - Corporate Learning,Limited Eligibility,218,Harvard Business Impact
4842AV,4842AV-VIF-ENG,KAL,1_mdwgjp8l,,,How to Stay Present with Your Emotions,Harvard Business School Publishing - Corporate Learning,Limited Eligibility,218,Harvard Business Impact
4843AV,4843AV-VIF-ENG,KAL,1_du36ambq,,,Coach Employees to Resolve Conflict,Harvard Business School Publishing - Corporate Learning,Limited Eligibility,218,Harvard Business Impact
4844AV,4844AV-VIF-ENG,KAL,1_wu717n6y,,,Build Common Ground Through Shared Language,Harvard Business School Publishing - Corporate Learning,Limited Eligibility,218,Harvard Business Impact
4845AV,4845AV-VIF-ENG,KAL,1_sm7wyj1g,,,When to Intervene in a Conflict,Harvard Business School Publishing - Corporate Learning,Limited Eligibility,218,Harvard Business Impact
4851AV,4851AV-VIF-ENG,KAL,1_h7l2sise,,,How to Use the Network Mapping Tool,Harvard Business School Publishing - Corporate Learning,Limited Eligibility,218,Harvard Business Impact
4852AV,4852AV-VIF-ENG,KAL,1_b989dhf9,,, Mapping a Strategic Network,Harvard Business School Publishing - Corporate Learning,Limited Eligibility,218,Harvard Business Impact
4853AV,4853AV-VIF-ENG,KAL,1_uaolp9p5,,,Why Network?,Harvard Business School Publishing - Corporate Learning,Limited Eligibility,218,Harvard Business Impact
4854AV,4854AV-VIF-ENG,KAL,1_o5jyc0sg,,,Bridging Cultural Gaps,Harvard Business School Publishing - Corporate Learning,Limited Eligibility,218,Harvard Business Impact
4855AV,4855AV-VIF-ENG,KAL,1_trf1zum2,,,The Virtuous Cycle of Networking,Harvard Business School Publishing - Corporate Learning,Limited Eligibility,218,Harvard Business Impact
4856AV,4856AV-VIF-ENG,KAL,1_skfu965o,,,From Near-Disaster to Success,Harvard Business School Publishing - Corporate Learning,Limited Eligibility,218,Harvard Business Impact
4857AV,4857AV-VIF-ENG,KAL,1_td60f2dv,,,Outward-Looking Teams Are Most Effective,Harvard Business School Publishing - Corporate Learning,Limited Eligibility,218,Harvard Business Impact
4858AV,4858AV-VIF-ENG,KAL,1_qx3od4d8,,,Networking Do's and Don'ts,Harvard Business School Publishing - Corporate Learning,Limited Eligibility,218,Harvard Business Impact
4859AV,4859AV-VIF-ENG,KAL,1_34x06ewf,,,What You Can Offer Your Connections,Harvard Business School Publishing - Corporate Learning,Limited Eligibility,218,Harvard Business Impact
4860AV,4860AV-VIF-ENG,KAL,1_oanolt6x,,,Smartly Sustaining Your Relationships,Harvard Business School Publishing - Corporate Learning,Limited Eligibility,218,Harvard Business Impact
4861AV,4861AV-VIF-ENG,KAL,1_kjfbzom9,,,Build a Strong Digital Presence ,Harvard Business School Publishing - Corporate Learning,Limited Eligibility,218,Harvard Business Impact
4862AV,4862AV-VIF-ENG,KAL,1_qev537tw,,,The Networking Imperative,Harvard Business School Publishing - Corporate Learning,Limited Eligibility,218,Harvard Business Impact
4863AV,4863AV-VIF-ENG,KAL,1_ipc7wp67,,,Mentor Moment: Diversity ,Harvard Business School Publishing - Corporate Learning,Limited Eligibility,218,Harvard Business Impact
4864AV,4864AV-VIF-ENG,KAL,1_p8gwcncq,,,Energy Enhancers ,Harvard Business School Publishing - Corporate Learning,Limited Eligibility,218,Harvard Business Impact
4865AV,4865AV-VIF-ENG,KAL,1_gqa84zeh,,,Your Personal Style ,Harvard Business School Publishing - Corporate Learning,Limited Eligibility,218,Harvard Business Impact
4866AV,4866AV-VIF-ENG,KAL,1_ewcagk5h,,,Mentor Moment: Culture ,Harvard Business School Publishing - Corporate Learning,Limited Eligibility,218,Harvard Business Impact
4867AV,4867AV-VIF-ENG,KAL,1_7rxj87p0,,,You Are Always Developing Relationships,Harvard Business School Publishing - Corporate Learning,Limited Eligibility,218,Harvard Business Impact
4868AV,4868AV-VIF-ENG,KAL,1_10vppwrj,,,Network to the Rescue,Harvard Business School Publishing - Corporate Learning,Limited Eligibility,218,Harvard Business Impact
4869AV,4869AV-VIF-ENG,KAL,1_j35tp9py,,,"Do the Right Things, Do Things Right",Harvard Business School Publishing - Corporate Learning,Limited Eligibility,218,Harvard Business Impact
4870AV,4870AV-VIF-ENG,KAL,1_1qvybxa7,,,Different Perspectives for Better Decisions ,Harvard Business School Publishing - Corporate Learning,Limited Eligibility,218,Harvard Business Impact
4871AV,4871AV-VIF-ENG,KAL,1_zy4looor,,,Learn to Love Networking,Harvard Business School Publishing - Corporate Learning,Limited Eligibility,218,Harvard Business Impact
4872AV,4872AV-VIF-ENG,KAL,1_akh3i9ze,,,Using Networks to Jump-Start Innovation,Harvard Business School Publishing - Corporate Learning,Limited Eligibility,218,Harvard Business Impact
4874AV,4874AV-VIF-ENG,KAL,1_11ge0hou,,,Why You Need to Build Networks,Harvard Business School Publishing - Corporate Learning,Limited Eligibility,218,Harvard Business Impact
4875AV,4875AV-VIF-ENG,KAL,1_tosj98hp,,,Keep in Touch Over the Years,Harvard Business School Publishing - Corporate Learning,Limited Eligibility,218,Harvard Business Impact
4876AV,4876AV-VIF-ENG,KAL,1_56z7d45k,,,Putting Networks to Use: Part 1,Harvard Business School Publishing - Corporate Learning,Limited Eligibility,218,Harvard Business Impact
4877AV,4877AV-VIF-ENG,KAL,1_vm8keaqd,,,Putting Networks to Use: Part 2,Harvard Business School Publishing - Corporate Learning,Limited Eligibility,218,Harvard Business Impact
4878AV,4878AV-VIF-ENG,KAL,1_dfkwg10t,,,Putting Networks to Use: Part 3,Harvard Business School Publishing - Corporate Learning,Limited Eligibility,218,Harvard Business Impact
4879AV,4879AV-VIF-ENG,KAL,1_v644walh,,,Developing Network Relationships: Part 1,Harvard Business School Publishing - Corporate Learning,Limited Eligibility,218,Harvard Business Impact
4880AV,4880AV-VIF-ENG,KAL,1_97rbv89y,,,Developing Network Relationships: Part 2,Harvard Business School Publishing - Corporate Learning,Limited Eligibility,218,Harvard Business Impact
4881AV,4881AV-VIF-ENG,KAL,1_3t0jkzx6,,,Developing Network Relationships: Part 3,Harvard Business School Publishing - Corporate Learning,Limited Eligibility,218,Harvard Business Impact
4883AV,4883AV-VIF-ENG,KAL,1_296nmx7d,,,How We Get Hooked,Harvard Business School Publishing - Corporate Learning,Limited Eligibility,218,Harvard Business Impact
4885AV,4885AV-VIF-ENG,KAL,1_azduga6n,,,Living Our Values,Harvard Business School Publishing - Corporate Learning,Limited Eligibility,218,Harvard Business Impact
4886AV,4886AV-VIF-ENG,KAL,1_eu13glt3,,,Addressing Stress in an Emotional Agile Way,Harvard Business School Publishing - Corporate Learning,Limited Eligibility,218,Harvard Business Impact
4887AV,4887AV-VIF-ENG,KAL,1_aubgmi09,,,What Is a Mental Model?,Harvard Business School Publishing - Corporate Learning,Limited Eligibility,218,Harvard Business Impact
4888AV,4888AV-VIF-ENG,KAL,1_33u3dysu,,,A Challenge to Your Mental Model,Harvard Business School Publishing - Corporate Learning,Limited Eligibility,218,Harvard Business Impact
4889AV,4889AV-VIF-ENG,KAL,1_7x1fheus,,,How to Shift Others to a New Mental Model,Harvard Business School Publishing - Corporate Learning,Limited Eligibility,218,Harvard Business Impact
4890AV,4890AV-VIF-ENG,KAL,1_nxkoucif,,,Presenting a New Roadmap,Harvard Business School Publishing - Corporate Learning,Limited Eligibility,218,Harvard Business Impact
4891AV,4891AV-VIF-ENG,KAL,1_488f42dt,,,Collapsing Mental Models in the Digital Age,Harvard Business School Publishing - Corporate Learning,Limited Eligibility,218,Harvard Business Impact
4892AV,4892AV-VIF-ENG,KAL,1_9v8gosv6,,,Michelangelo Learns to Paint the Ceiling of the Sistine Chapel,Harvard Business School Publishing - Corporate Learning,Limited Eligibility,218,Harvard Business Impact
4893AV,4893AV-VIF-ENG,KAL,1_bzhkwrt1,,,Be Bad First,Harvard Business School Publishing - Corporate Learning,Limited Eligibility,218,Harvard Business Impact
4894AV,4894AV-VIF-ENG,KAL,1_2jc0mq6d,,,How to Avoid Burnout,Harvard Business School Publishing - Corporate Learning,Limited Eligibility,218,Harvard Business Impact
4895AV,4895AV-VIF-ENG,KAL,1_gbas6z9w,,,Why Adversity and How You Deal with It Matters,Harvard Business School Publishing - Corporate Learning,Limited Eligibility,218,Harvard Business Impact
4896AV,4896AV-VIF-ENG,KAL,1_f9kko9wm,,,Build a Resilient Culture,Harvard Business School Publishing - Corporate Learning,Limited Eligibility,218,Harvard Business Impact
4897AV,4897AV-VIF-ENG,KAL,1_kfdqbfjs,,,Be an Adversity Alchemist,Harvard Business School Publishing - Corporate Learning,Limited Eligibility,218,Harvard Business Impact
4898AV,4898AV-VIF-ENG,KAL,1_tuf2zktp,,,CORE Model and Questions to Ask,Harvard Business School Publishing - Corporate Learning,Limited Eligibility,218,Harvard Business Impact
4899AV,4899AV-VIF-ENG,KAL,1_25zaruxx,,,Managing Your Energy to Maximize Performance,Harvard Business School Publishing - Corporate Learning,Limited Eligibility,218,Harvard Business Impact
4900AV,4900AV-VIF-ENG,KAL,1_0iz4p99o,,,Turning Facts into Realistically Optimistic Stories,Harvard Business School Publishing - Corporate Learning,Limited Eligibility,218,Harvard Business Impact
4901AV,4901AV-VIF-ENG,KAL,1_spvcqx8n,,,Attending to Your Most Important Work,Harvard Business School Publishing - Corporate Learning,Limited Eligibility,218,Harvard Business Impact
4902AV,4902AV-VIF-ENG,KAL,1_jnh7nusu,,,Five Steps to Make Meaningful Changes,Harvard Business School Publishing - Corporate Learning,Limited Eligibility,218,Harvard Business Impact
4903AV,4903AV-VIF-ENG,KAL,1_wbo0nu9y,,,The Difference Between Strategic Planning and Strategic Thinking,Harvard Business School Publishing - Corporate Learning,Limited Eligibility,218,Harvard Business Impact
4904AV,4904AV-VIF-ENG,KAL,1_7hpmnlrf,,,Everyone Needs to Think Strategically,Harvard Business School Publishing - Corporate Learning,Limited Eligibility,218,Harvard Business Impact
4905AV,4905AV-VIF-ENG,KAL,1_cfs577cg,,,Stay Open to New Ideas,Harvard Business School Publishing - Corporate Learning,Limited Eligibility,218,Harvard Business Impact
4906AV,4906AV-VIF-ENG,KAL,1_iqjyce9i,,,Take Time to Think Strategically,Harvard Business School Publishing - Corporate Learning,Limited Eligibility,218,Harvard Business Impact
4907AV,4907AV-VIF-ENG,KAL,1_0b98fbyi,,,Zoom In and Out,Harvard Business School Publishing - Corporate Learning,Limited Eligibility,218,Harvard Business Impact
4908AV,4908AV-VIF-ENG,KAL,1_a0tcarpd,,,Listen for Opportunities,Harvard Business School Publishing - Corporate Learning,Limited Eligibility,218,Harvard Business Impact
4909AV,4909AV-VIF-ENG,KAL,1_e47pufgd,,,Part 1: The team lists their assumptions,Harvard Business School Publishing - Corporate Learning,Limited Eligibility,218,Harvard Business Impact
4910AV,4910AV-VIF-ENG,KAL,1_6p5a2pmn,,,Part 2: The team challenges their assumptions,Harvard Business School Publishing - Corporate Learning,Limited Eligibility,218,Harvard Business Impact
4911AV,4911AV-VIF-ENG,KAL,1_u32qg0oz,,,Part 3: The team discusses alternative strategies,Harvard Business School Publishing - Corporate Learning,Limited Eligibility,218,Harvard Business Impact
4912AV,4912AV-VIF-ENG,KAL,1_zo5vcp4a,,,Part 4: The team considers the business implications,Harvard Business School Publishing - Corporate Learning,Limited Eligibility,218,Harvard Business Impact
4913AV,4913AV-VIF-ENG,KAL,1_ptvqms4n,,,Divergent Thinking for Sparking New Ideas,Harvard Business School Publishing - Corporate Learning,Limited Eligibility,218,Harvard Business Impact
4915AV,4915AV-VIF-ENG,KAL,1_y92meltj,,,Learning Together in a U.S. Hospital,Harvard Business School Publishing - Corporate Learning,Limited Eligibility,218,Harvard Business Impact
4916AV,4916AV-VIF-ENG,KAL,1_l55l8jli,,,Sound Strategic,Harvard Business School Publishing - Corporate Learning,Limited Eligibility,218,Harvard Business Impact
4917AV,4917AV-VIF-ENG,KAL,1_a2mrkxz0,,,Employees Expect Coaching,Harvard Business School Publishing - Corporate Learning,Limited Eligibility,218,Harvard Business Impact
4918AV,4918AV-VIF-ENG,KAL,1_8rfe3wa2,,,Coach on a Daily Basis,Harvard Business School Publishing - Corporate Learning,Limited Eligibility,218,Harvard Business Impact
4919AV,4919AV-VIF-ENG,KAL,1_gy7p9mac,,,"Helene Spots a ""Coachable Moment""",Harvard Business School Publishing - Corporate Learning,Limited Eligibility,218,Harvard Business Impact
4920AV,4920AV-VIF-ENG,KAL,1_jva703fd,,,Helene Shares Her Thoughts,Harvard Business School Publishing - Corporate Learning,Limited Eligibility,218,Harvard Business Impact
4921AV,4921AV-VIF-ENG,KAL,1_24k4qnst,,,Helene and Ines Plan Next Steps,Harvard Business School Publishing - Corporate Learning,Limited Eligibility,218,Harvard Business Impact
4922AV,4922AV-VIF-ENG,KAL,1_o9gvn5l9,,,The Power of Open-Ended Questions,Harvard Business School Publishing - Corporate Learning,Limited Eligibility,218,Harvard Business Impact
4923AV,4923AV-VIF-ENG,KAL,1_i7rue68n,,,Work Through Difficulties,Harvard Business School Publishing - Corporate Learning,Limited Eligibility,218,Harvard Business Impact
4924AV,4924AV-VIF-ENG,KAL,1_8xn2wrpq,,,Give Coaching Homework,Harvard Business School Publishing - Corporate Learning,Limited Eligibility,218,Harvard Business Impact
4925AV,4925AV-VIF-ENG,KAL,1_ew5wcwf3,,,A Learner's Mindset,Harvard Business School Publishing - Corporate Learning,Limited Eligibility,218,Harvard Business Impact
4926AV,4926AV-VIF-ENG,KAL,1_rzc3ovod,,,Defusing Defensiveness,Harvard Business School Publishing - Corporate Learning,Limited Eligibility,218,Harvard Business Impact
4927AV,4927AV-VIF-ENG,KAL,1_soinx8z7,,,Coaching and Complexity,Harvard Business School Publishing - Corporate Learning,Limited Eligibility,218,Harvard Business Impact
4928AV,4928AV-VIF-ENG,KAL,1_27zcysje,,,Ease Employees into Change,Harvard Business School Publishing - Corporate Learning,Limited Eligibility,218,Harvard Business Impact
4929AV,4929AV-VIF-ENG,KAL,1_xrcfe9ij,,,Coaching My Virtual Team,Harvard Business School Publishing - Corporate Learning,Limited Eligibility,218,Harvard Business Impact
4930AV,4930AV-VIF-ENG,KAL,1_iz6qjvpw,,,Communicate Across Culture,Harvard Business School Publishing - Corporate Learning,Limited Eligibility,218,Harvard Business Impact
4931AV,4931AV-VIF-ENG,KAL,1_1mici5uu,,,Raul and Sangeeta at the meeting,Harvard Business School Publishing - Corporate Learning,Limited Eligibility,218,Harvard Business Impact
4932AV,4932AV-VIF-ENG,KAL,1_8si3hvrh,,,Sangeeta starts a coaching conversation,Harvard Business School Publishing - Corporate Learning,Limited Eligibility,218,Harvard Business Impact
4933AV,4933AV-VIF-ENG,KAL,1_06r8pd5z,,,Sangeeta shares input,Harvard Business School Publishing - Corporate Learning,Limited Eligibility,218,Harvard Business Impact
4934AV,4934AV-VIF-ENG,KAL,1_nht25hh3,,,The Changing Career Landscape,Harvard Business School Publishing - Corporate Learning,Limited Eligibility,218,Harvard Business Impact
4935AV,4935AV-VIF-ENG,KAL,1_ln2cg837,,,Find Your Passion to Guide Your Career,Harvard Business School Publishing - Corporate Learning,Limited Eligibility,218,Harvard Business Impact
4936AV,4936AV-VIF-ENG,KAL,1_44oxpuap,,,Finding a Sponsor,Harvard Business School Publishing - Corporate Learning,Limited Eligibility,218,Harvard Business Impact
4937AV,4937AV-VIF-ENG,KAL,1_uyusfnav,,,Lateral Career Moves and Learning,Harvard Business School Publishing - Corporate Learning,Limited Eligibility,218,Harvard Business Impact
4938AV,4938AV-VIF-ENG,KAL,1_pqeh42lx,,,Learning to Learn,Harvard Business School Publishing - Corporate Learning,Limited Eligibility,218,Harvard Business Impact
4939AV,4939AV-VIF-ENG,KAL,1_g04us0vh,,,Job Crafting to Develop Learning ,Harvard Business School Publishing - Corporate Learning,Limited Eligibility,218,Harvard Business Impact
4940AV,4940AV-VIF-ENG,KAL,1_2cwra0yj,,,Are You Prepared for a Global Assignment?,Harvard Business School Publishing - Corporate Learning,Limited Eligibility,218,Harvard Business Impact
4941AV,4941AV-VIF-ENG,KAL,1_k1tde3e9,,,The Opportunity of Being Between Jobs,Harvard Business School Publishing - Corporate Learning,Limited Eligibility,218,Harvard Business Impact
4942AV,4942AV-VIF-ENG,KAL,1_yivx1067,,,The Journey After a Setback,Harvard Business School Publishing - Corporate Learning,Limited Eligibility,218,Harvard Business Impact
4967AV,4967AV-VIF-ENG,KAL,1_6gwi3c2a,,,Adopting Generation Y Practices at Work,Harvard Business School Publishing - Corporate Learning,Limited Eligibility,218,Harvard Business Impact
4968AV,4968AV-VIF-ENG,KAL,1_j9bmy6ai,,,Maximize Team Effectiveness in the Workplace,Harvard Business School Publishing - Corporate Learning,Limited Eligibility,218,Harvard Business Impact
4969AV,4969AV-VIF-ENG,KAL,1_n1fl7b9t,,,Coaching in the Moment,Harvard Business School Publishing - Corporate Learning,Limited Eligibility,218,Harvard Business Impact
4970AV,4970AV-VIF-ENG,KAL,1_ezy37trv,,,Laying the Groundwork,Harvard Business School Publishing - Corporate Learning,Limited Eligibility,218,Harvard Business Impact
4971AV,4971AV-VIF-ENG,KAL,1_78ufs2an,,,Building Programs for Millennials,Harvard Business School Publishing - Corporate Learning,Limited Eligibility,218,Harvard Business Impact
4972AV,4972AV-VIF-ENG,KAL,1_yvcwmpu4,,,Build Your Change Bank Account,Harvard Business School Publishing - Corporate Learning,Limited Eligibility,218,Harvard Business Impact
4973AV,4973AV-VIF-ENG,KAL,1_8uspctdu,,,Animation: Creating a Prioritization Matrix,Harvard Business School Publishing - Corporate Learning,Limited Eligibility,218,Harvard Business Impact
4974AV,4974AV-VIF-ENG,KAL,1_cvgfo4so,,,The Future Is a Matter of Choice,Harvard Business School Publishing - Corporate Learning,Limited Eligibility,218,Harvard Business Impact
4975AV,4975AV-VIF-ENG,KAL,1_uusgd6u0,,,Helping Employees Navigate the Future,Harvard Business School Publishing - Corporate Learning,Limited Eligibility,218,Harvard Business Impact
4976AV,4976AV-VIF-ENG,KAL,1_pxmo39co,,,Learning from a Decision,Harvard Business School Publishing - Corporate Learning,Limited Eligibility,218,Harvard Business Impact
4977AV,4977AV-VIF-ENG,KAL,1_9x4ld21i,,,Rules of the Road for Managing Up,Harvard Business School Publishing - Corporate Learning,Limited Eligibility,218,Harvard Business Impact
4978AV,4978AV-VIF-ENG,KAL,1_ese5ozhl,,,Improve Your Relationship with a Difficult Boss,Harvard Business School Publishing - Corporate Learning,Limited Eligibility,218,Harvard Business Impact
4979AV,4979AV-VIF-ENG,KAL,1_h5ob39bv,,,Collaborating for a Purpose,Harvard Business School Publishing - Corporate Learning,Limited Eligibility,218,Harvard Business Impact
4980AV,4980AV-VIF-ENG,KAL,1_u22a6kfk,,,Make Good Team Decisions,Harvard Business School Publishing - Corporate Learning,Limited Eligibility,218,Harvard Business Impact
4981AV,4981AV-VIF-ENG,KAL,1_sc99aq3f,,,Focus on Shared Values,Harvard Business School Publishing - Corporate Learning,Limited Eligibility,218,Harvard Business Impact
4982AV,4982AV-VIF-ENG,KAL,1_vt0hutoy,,,Recognize and Reward Your Team,Harvard Business School Publishing - Corporate Learning,Limited Eligibility,218,Harvard Business Impact
4983AV,4983AV-VIF-ENG,KAL,1_ud7odtfe,,,Introduction to Persuading Others,Harvard Business School Publishing - Corporate Learning,Limited Eligibility,218,Harvard Business Impact
4984AV,4984AV-VIF-ENG,KAL,1_k5afrs77,,,Earn Your Team's Trust,Harvard Business School Publishing - Corporate Learning,Limited Eligibility,218,Harvard Business Impact
4985AV,4985AV-VIF-ENG,KAL,1_87mhbonv,,,Leverage the Decision-Making Styles of Others,Harvard Business School Publishing - Corporate Learning,Limited Eligibility,218,Harvard Business Impact
4986AV,4986AV-VIF-ENG,KAL,1_3riqq4z0,,,Take Time to Actively Listen,Harvard Business School Publishing - Corporate Learning,Limited Eligibility,218,Harvard Business Impact
4987AV,4987AV-VIF-ENG,KAL,1_7eh1e680,,,Persuade Past Resisters,Harvard Business School Publishing - Corporate Learning,Limited Eligibility,218,Harvard Business Impact
4988AV,4988AV-VIF-ENG,KAL,1_y5ugi1dk,,,What Do You Stand For?,Harvard Business School Publishing - Corporate Learning,Limited Eligibility,218,Harvard Business Impact
4989AV,4989AV-VIF-ENG,KAL,1_ycvre027,,,Embrace Uncertainty,Harvard Business School Publishing - Corporate Learning,Limited Eligibility,218,Harvard Business Impact
4990AV,4990AV-VIF-ENG,KAL,1_juj2ivvh,,,The Upside of Understanding Unit Costs,Harvard Business School Publishing - Corporate Learning,Limited Eligibility,218,Harvard Business Impact
4991AV,4991AV-VIF-ENG,KAL,1_qqtregpb,,,The Art of Contingency Planning,Harvard Business School Publishing - Corporate Learning,Limited Eligibility,218,Harvard Business Impact
4992AV,4992AV-VIF-ENG,KAL,1_v0nh9j9g,,,Animation: Deciphering Cost Variance,Harvard Business School Publishing - Corporate Learning,Limited Eligibility,218,Harvard Business Impact
4993AV,4993AV-VIF-ENG,KAL,1_qqhzp5s8,,,Adapt Your Budgeting Process for Dynamic Times ,Harvard Business School Publishing - Corporate Learning,Limited Eligibility,218,Harvard Business Impact
5088AV,5088AV-VIF-ENG,KAL,1_6jolv278,,,Introduction to Change Management,Harvard Business School Publishing - Corporate Learning,Limited Eligibility,218,Harvard Business Impact
5089AV,5089AV-VIF-ENG,KAL,1_ld6dqc3q,,,Pushing Boundaries,Harvard Business School Publishing - Corporate Learning,Limited Eligibility,218,Harvard Business Impact
5090AV,5090AV-VIF-ENG,KAL,1_6iymsm3v,,,Bust the Myth on Change ,Harvard Business School Publishing - Corporate Learning,Limited Eligibility,218,Harvard Business Impact
5091AV,5091AV-VIF-ENG,KAL,1_brvir122,,,Mentor Moment: Make the Most of Constant Change ,Harvard Business School Publishing - Corporate Learning,Limited Eligibility,218,Harvard Business Impact
5092AV,5092AV-VIF-ENG,KAL,1_wffro847,,,What's Your Outlook on Change? ,Harvard Business School Publishing - Corporate Learning,Limited Eligibility,218,Harvard Business Impact
5093AV,5093AV-VIF-ENG,KAL,1_94gtknvu,,,Harness Adversity to Fuel Breakthroughs ,Harvard Business School Publishing - Corporate Learning,Limited Eligibility,218,Harvard Business Impact
5094AV,5094AV-VIF-ENG,KAL,1_q5in9idq,,,"Make Decisions, Don't Just Add Priorities ",Harvard Business School Publishing - Corporate Learning,Limited Eligibility,218,Harvard Business Impact
5095AV,5095AV-VIF-ENG,KAL,1_1ibezr6m,,,Learn into Change ,Harvard Business School Publishing - Corporate Learning,Limited Eligibility,218,Harvard Business Impact
5096AV,5096AV-VIF-ENG,KAL,1_n9bng3yy,,,Turn into the Storm,Harvard Business School Publishing - Corporate Learning,Limited Eligibility,218,Harvard Business Impact
5097AV,5097AV-VIF-ENG,KAL,0_rbpuffd9,,,Using Metaphor to Guide Your Team Through Change,Harvard Business School Publishing - Corporate Learning,Limited Eligibility,218,Harvard Business Impact
5098AV,5098AV-VIF-ENG,KAL,1_6vuy0031,,,"To Make Change Stick, Model the Behaviors",Harvard Business School Publishing - Corporate Learning,Limited Eligibility,218,Harvard Business Impact
5099AV,5099AV-VIF-ENG,KAL,1_5a4i8ifp,,,Addressing Immunity to Change,Harvard Business School Publishing - Corporate Learning,Limited Eligibility,218,Harvard Business Impact
5100AV,5100AV-VIF-ENG,KAL,1_d7qgvmke,,,Mentor Moment: How We Think About Stress ,Harvard Business School Publishing - Corporate Learning,Limited Eligibility,218,Harvard Business Impact
5102AV,5102AV-VIF-ENG,KAL,1_98krqmef,,,Sleep Benefits Your Career,Harvard Business School Publishing - Corporate Learning,Limited Eligibility,218,Harvard Business Impact
5103AV,5103AV-VIF-ENG,KAL,1_o3ynxskv,,,My Stress Signals,Harvard Business School Publishing - Corporate Learning,Limited Eligibility,218,Harvard Business Impact
5104AV,5104AV-VIF-ENG,KAL,1_hwkhwdr1,,,Mentor Moment: Help Your Team Cope During Change,Harvard Business School Publishing - Corporate Learning,Limited Eligibility,218,Harvard Business Impact
5105AV,5105AV-VIF-ENG,KAL,1_hi6syss3,,,Hijacked by Stress,Harvard Business School Publishing - Corporate Learning,Limited Eligibility,218,Harvard Business Impact
5106AV,5106AV-VIF-ENG,KAL,1_r7f35x08,,,The Calm Down Effect,Harvard Business School Publishing - Corporate Learning,Limited Eligibility,218,Harvard Business Impact
5107AV,5107AV-VIF-ENG,KAL,1_6a2ahjv5,,,Guided Meditation ,Harvard Business School Publishing - Corporate Learning,Limited Eligibility,218,Harvard Business Impact
5108AV,5108AV-VIF-ENG,KAL,1_tuz2qaz1,,,Be Here Now,Harvard Business School Publishing - Corporate Learning,Limited Eligibility,218,Harvard Business Impact
5109AV,5109AV-VIF-ENG,KAL,1_1i64mrj6,,,"Yoga at Your Desk, Seated",Harvard Business School Publishing - Corporate Learning,Limited Eligibility,218,Harvard Business Impact
5110AV,5110AV-VIF-ENG,KAL,1_34tlxrcf,,,"Yoga at Your Desk, Standing",Harvard Business School Publishing - Corporate Learning,Limited Eligibility,218,Harvard Business Impact
5111AV,5111AV-VIF-ENG,KAL,1_eebzfy51,,,Sleep Enhances Performance,Harvard Business School Publishing - Corporate Learning,Limited Eligibility,218,Harvard Business Impact
5112AV,5112AV-VIF-ENG,KAL,1_j20h7hbj,,,The Good Around You,Harvard Business School Publishing - Corporate Learning,Limited Eligibility,218,Harvard Business Impact
5113AV,5113AV-VIF-ENG,KAL,1_g9s92itn,,,Mentor Moment: The Importance of Setting Goals,Harvard Business School Publishing - Corporate Learning,Limited Eligibility,218,Harvard Business Impact
5114AV,5114AV-VIF-ENG,KAL,1_q0le5gdm,,,Limit Your Goals,Harvard Business School Publishing - Corporate Learning,Limited Eligibility,218,Harvard Business Impact
5115AV,5115AV-VIF-ENG,KAL,1_1vy3gesa,,,Three Reasons to Evaluate Your Goals,Harvard Business School Publishing - Corporate Learning,Limited Eligibility,218,Harvard Business Impact
5116AV,5116AV-VIF-ENG,KAL,1_lyf6kcft,,,Psychological Safety at Work: SAFE,Harvard Business School Publishing - Corporate Learning,Limited Eligibility,218,Harvard Business Impact
5117AV,5117AV-VIF-ENG,KAL,1_jv9lht94,,,Engage People in Change Through Inquiry,Harvard Business School Publishing - Corporate Learning,Limited Eligibility,218,Harvard Business Impact
5118AV,5118AV-VIF-ENG,KAL,1_ia1vu9p6,,,Help People Shift Their Thinking About a Change,Harvard Business School Publishing - Corporate Learning,Limited Eligibility,218,Harvard Business Impact
5121AV,5121AV-VIF-ENG,KAL,1_hporjmez,,,Every Writer Needs an Editor,Harvard Business School Publishing - Corporate Learning,Limited Eligibility,218,Harvard Business Impact
5122AV,5122AV-VIF-ENG,KAL,1_2qoxkegu,,,Maximize Your Communication: Part 1,Harvard Business School Publishing - Corporate Learning,Limited Eligibility,218,Harvard Business Impact
5123AV,5123AV-VIF-ENG,KAL,1_uzy8mpz7,,,Maximize Your Communication: Part 2,Harvard Business School Publishing - Corporate Learning,Limited Eligibility,218,Harvard Business Impact
5124AV,5124AV-VIF-ENG,KAL,1_dlx4uouy,,,Identify Damaging Biases: Part 1,Harvard Business School Publishing - Corporate Learning,Limited Eligibility,218,Harvard Business Impact
5125AV,5125AV-VIF-ENG,KAL,1_ls945s5b,,,Identify Damaging Biases: Part 2,Harvard Business School Publishing - Corporate Learning,Limited Eligibility,218,Harvard Business Impact
5126AV,5126AV-VIF-ENG,KAL,1_qikddu13,,,Identify Damaging Biases: Part 3,Harvard Business School Publishing - Corporate Learning,Limited Eligibility,218,Harvard Business Impact
5127AV,5127AV-VIF-ENG,KAL,1_umh2w5ua,,,Coping with a Difficult Boss: Part 1,Harvard Business School Publishing - Corporate Learning,Limited Eligibility,218,Harvard Business Impact
5128AV,5128AV-VIF-ENG,KAL,1_pw8rtp6k,,,Coping with a Difficult Boss: Part 2,Harvard Business School Publishing - Corporate Learning,Limited Eligibility,218,Harvard Business Impact
5129AV,5129AV-VIF-ENG,KAL,1_rob7egd6,,,Coping with a Difficult Boss: Part 3,Harvard Business School Publishing - Corporate Learning,Limited Eligibility,218,Harvard Business Impact
5130AV,5130AV-VIF-ENG,KAL,1_jgsyfgzh,,,Resolve Destructive Conflict: Part 1,Harvard Business School Publishing - Corporate Learning,Limited Eligibility,218,Harvard Business Impact
5131AV,5131AV-VIF-ENG,KAL,1_clzwhzrq,,,Resolve Destructive Conflict: Part 2,Harvard Business School Publishing - Corporate Learning,Limited Eligibility,218,Harvard Business Impact
5132AV,5132AV-VIF-ENG,KAL,1_dguxf3u9,,,Everyone Can Innovate,Harvard Business School Publishing - Corporate Learning,Limited Eligibility,218,Harvard Business Impact
5133AV,5133AV-VIF-ENG,KAL,1_g98rmhrw,,,Start with an Idea,Harvard Business School Publishing - Corporate Learning,Limited Eligibility,218,Harvard Business Impact
5134AV,5134AV-VIF-ENG,KAL,1_3b6mkrzu,,,Spark Eureka Moments,Harvard Business School Publishing - Corporate Learning,Limited Eligibility,218,Harvard Business Impact
5135AV,5135AV-VIF-ENG,KAL,1_zhrpe894,,,"What Are Their ""Jobs to Be Done""? ",Harvard Business School Publishing - Corporate Learning,Limited Eligibility,218,Harvard Business Impact
5136AV,5136AV-VIF-ENG,KAL,1_bgecvbfl,,,Surface Your Assumptions,Harvard Business School Publishing - Corporate Learning,Limited Eligibility,218,Harvard Business Impact
5137AV,5137AV-VIF-ENG,KAL,1_ayrbcvkx,,,Don't Just Define-Redefine ,Harvard Business School Publishing - Corporate Learning,Limited Eligibility,218,Harvard Business Impact
5138AV,5138AV-VIF-ENG,KAL,1_kgwhxtf5,,,"Experiments: Small, Bigger, Biggest ",Harvard Business School Publishing - Corporate Learning,Limited Eligibility,218,Harvard Business Impact
5139AV,5139AV-VIF-ENG,KAL,0_kvo3et8y,,,More Than Just the Data,Harvard Business School Publishing - Corporate Learning,Limited Eligibility,218,Harvard Business Impact
5140AV,5140AV-VIF-ENG,KAL,1_u8nn4y8e,,,Reinventing the Wheel-Literally,Harvard Business School Publishing - Corporate Learning,Limited Eligibility,218,Harvard Business Impact
5141AV,5141AV-VIF-ENG,KAL,1_ld2xc1zi,,,Fatally Flawed ,Harvard Business School Publishing - Corporate Learning,Limited Eligibility,218,Harvard Business Impact
5142AV,5142AV-VIF-ENG,KAL,1_p9fsj0qg,,,Make the Most of Mistakes,Harvard Business School Publishing - Corporate Learning,Limited Eligibility,218,Harvard Business Impact
5143AV,5143AV-VIF-ENG,KAL,1_c92rluxn,,,When Results Challenge Your Beliefs,Harvard Business School Publishing - Corporate Learning,Limited Eligibility,218,Harvard Business Impact
5144AV,5144AV-VIF-ENG,KAL,1_bl7h65cz,,, If at First You Don't Succeed...,Harvard Business School Publishing - Corporate Learning,Limited Eligibility,218,Harvard Business Impact
5145AV,5145AV-VIF-ENG,KAL,1_777952kc,,,Mentor Moment: Get Their Buy-in ,Harvard Business School Publishing - Corporate Learning,Limited Eligibility,218,Harvard Business Impact
5146AV,5146AV-VIF-ENG,KAL,0_hltjfyoc,,,How to Get Real Buy-In,Harvard Business School Publishing - Corporate Learning,Limited Eligibility,218,Harvard Business Impact
5147AV,5147AV-VIF-ENG,KAL,0_9qlsq2nv,,,"""Yes, and"" ",Harvard Business School Publishing - Corporate Learning,Limited Eligibility,218,Harvard Business Impact
5148AV,5148AV-VIF-ENG,KAL,1_5prwekws,,,"Observe First, Innovate Second",Harvard Business School Publishing - Corporate Learning,Limited Eligibility,218,Harvard Business Impact
5149AV,5149AV-VIF-ENG,KAL,1_ae98ah86,,,How to Spot Innovation Opportunities,Harvard Business School Publishing - Corporate Learning,Limited Eligibility,218,Harvard Business Impact
5150AV,5150AV-VIF-ENG,KAL,1_s2ukv88f,,,Your Curiosity Question Answered,Harvard Business School Publishing - Corporate Learning,Limited Eligibility,218,Harvard Business Impact
5151AV,5151AV-VIF-ENG,KAL,1_tz5cp880,,,30 Circles,Harvard Business School Publishing - Corporate Learning,Limited Eligibility,218,Harvard Business Impact
5152AV,5152AV-VIF-ENG,KAL,0_knowrqf4,,,Prop Tag,Harvard Business School Publishing - Corporate Learning,Limited Eligibility,218,Harvard Business Impact
5153AV,5153AV-VIF-ENG,KAL,1_6kc94210,,,Mind Mapping ,Harvard Business School Publishing - Corporate Learning,Limited Eligibility,218,Harvard Business Impact
5154AV,5154AV-VIF-ENG,KAL,1_zfk06q8x,,,Mentor Moment: Let Your Mind Wander,Harvard Business School Publishing - Corporate Learning,Limited Eligibility,218,Harvard Business Impact
5155AV,5155AV-VIF-ENG,KAL,1_e1bonxim,,,Is Your Idea a Winner?,Harvard Business School Publishing - Corporate Learning,Limited Eligibility,218,Harvard Business Impact
5156AV,5156AV-VIF-ENG,KAL,1_ain2pcos,,,Mentor Moment: Get Comfortable with Risk ,Harvard Business School Publishing - Corporate Learning,Limited Eligibility,218,Harvard Business Impact
5157AV,5157AV-VIF-ENG,KAL,1_df7hc30x,,,Recognize a Smart Risk,Harvard Business School Publishing - Corporate Learning,Limited Eligibility,218,Harvard Business Impact
5158AV,5158AV-VIF-ENG,KAL,1_slsvfff8,,,A Game Plan for Setbacks,Harvard Business School Publishing - Corporate Learning,Limited Eligibility,218,Harvard Business Impact
5159AV,5159AV-VIF-ENG,KAL,1_eoltpjli,,,The Untold Story of Penicillin,Harvard Business School Publishing - Corporate Learning,Limited Eligibility,218,Harvard Business Impact
5160AV,5160AV-VIF-ENG,KAL,1_npw9kx2q,,,Tap your talent,Harvard Business School Publishing - Corporate Learning,Limited Eligibility,218,Harvard Business Impact
5161AV,5161AV-VIF-ENG,KAL,1_zzjt95xx,,,Collective Genius,Harvard Business School Publishing - Corporate Learning,Limited Eligibility,218,Harvard Business Impact
5162AV,5162AV-VIF-ENG,KAL,1_4z1t0xth,,,The Common Information Effect,Harvard Business School Publishing - Corporate Learning,Limited Eligibility,218,Harvard Business Impact
5165AV,5165AV-VIF-ENG,KAL,1_31rx04hl,,,Innovation Mindset,Harvard Business School Publishing - Corporate Learning,Limited Eligibility,218,Harvard Business Impact
5166AV,5166AV-VIF-ENG,KAL,1_irnbceb9,,,Learning How to Build a Nuclear Submarine,Harvard Business School Publishing - Corporate Learning,Limited Eligibility,218,Harvard Business Impact
5167AV,5167AV-VIF-ENG,KAL,1_c8rfvs36,,,Failing to Secure Your Customer,Harvard Business School Publishing - Corporate Learning,Limited Eligibility,218,Harvard Business Impact
5170AV,5170AV-VIF-ENG,KAL,1_t2qc22hr,,,How to Use Breakeven Analysis,Harvard Business School Publishing - Corporate Learning,Limited Eligibility,218,Harvard Business Impact
5171AV,5171AV-VIF-ENG,KAL,1_ij58m1bf,,,Getting Stuck is a Part of the Process,Harvard Business School Publishing - Corporate Learning,Limited Eligibility,218,Harvard Business Impact
5173AV,5173AV-VIF-ENG,KAL,1_natj261p,,,Disrupt Yourself,Harvard Business School Publishing - Corporate Learning,Limited Eligibility,218,Harvard Business Impact
5174AV,5174AV-VIF-ENG,KAL,0_csw9i3da,,,What Lights Your Fire,Harvard Business School Publishing - Corporate Learning,Limited Eligibility,218,Harvard Business Impact
5175AV,5175AV-VIF-ENG,KAL,1_yhodwzby,,,Develop Your Career Network,Harvard Business School Publishing - Corporate Learning,Limited Eligibility,218,Harvard Business Impact
5176AV,5176AV-VIF-ENG,KAL,1_naz6qn2v,,,My Personal Board of Directors,Harvard Business School Publishing - Corporate Learning,Limited Eligibility,218,Harvard Business Impact
5177AV,5177AV-VIF-ENG,KAL,1_2i62q3pj,,,Propose Your Own Job,Harvard Business School Publishing - Corporate Learning,Limited Eligibility,218,Harvard Business Impact
5178AV,5178AV-VIF-ENG,KAL,1_eha1gzws,,,Flipping Imposter Syndrome,Harvard Business School Publishing - Corporate Learning,Limited Eligibility,218,Harvard Business Impact
5179AV,5179AV-VIF-ENG,KAL,1_0p5urfdu,,,"Fail Forward, Fail Fast",Harvard Business School Publishing - Corporate Learning,Limited Eligibility,218,Harvard Business Impact
5180AV,5180AV-VIF-ENG,KAL,1_hpealp0m,,, Spot a Coachable Moment,Harvard Business School Publishing - Corporate Learning,Limited Eligibility,218,Harvard Business Impact
5181AV,5181AV-VIF-ENG,KAL,1_ilfq3fp9,,,New Perspective Through Reflection,Harvard Business School Publishing - Corporate Learning,Limited Eligibility,218,Harvard Business Impact
5182AV,5182AV-VIF-ENG,KAL,1_3gu9ge2h,,,Afraid to Damage the Relationship,Harvard Business School Publishing - Corporate Learning,Limited Eligibility,218,Harvard Business Impact
5183AV,5183AV-VIF-ENG,KAL,1_yihzg66k,,,Be Real with Your Team,Harvard Business School Publishing - Corporate Learning,Limited Eligibility,218,Harvard Business Impact
5184AV,5184AV-VIF-ENG,KAL,1_s5puok99,,,Accelerating Talent Development,Harvard Business School Publishing - Corporate Learning,Limited Eligibility,218,Harvard Business Impact
5185AV,5185AV-VIF-ENG,KAL,1_k9alxlzo,,,Mentor Moment: Handling Uncomfortable Feelings in a New Job,Harvard Business School Publishing - Corporate Learning,Limited Eligibility,218,Harvard Business Impact
5186AV,5186AV-VIF-ENG,KAL,1_bsl8khlx,,,Mentor Moment: How to Keep Your Development Plan Alive,Harvard Business School Publishing - Corporate Learning,Limited Eligibility,218,Harvard Business Impact
5188AV,5188AV-VIF-ENG,KAL,1_oqsplgs2,,,"Intent, Interest, and Invest",Harvard Business School Publishing - Corporate Learning,Limited Eligibility,218,Harvard Business Impact
5189AV,5189AV-VIF-ENG,KAL,1_mntkpe4b,,,Gain a Reputation as a Great Boss,Harvard Business School Publishing - Corporate Learning,Limited Eligibility,218,Harvard Business Impact
5190AV,5190AV-VIF-ENG,KAL,1_brjrhj9x,,,Rethink Your To-Do List,Harvard Business School Publishing - Corporate Learning,Limited Eligibility,218,Harvard Business Impact
5191AV,5191AV-VIF-ENG,KAL,1_kuofmh4l,,,Learning by Doing is the Best Recipe,Harvard Business School Publishing - Corporate Learning,Limited Eligibility,218,Harvard Business Impact
5192AV,5192AV-VIF-ENG,KAL,1_3kvwtrc3,,,Mentor Moment: Room Enough to Grow,Harvard Business School Publishing - Corporate Learning,Limited Eligibility,218,Harvard Business Impact
5193AV,5193AV-VIF-ENG,KAL,1_tp3oddnw,,,Don't Squash Your Employees' Ambitions,Harvard Business School Publishing - Corporate Learning,Limited Eligibility,218,Harvard Business Impact
5194AV,5194AV-VIF-ENG,KAL,1_uemri7kr,,,Mentor Moment: Managing Outside Your Area of Expertise,Harvard Business School Publishing - Corporate Learning,Limited Eligibility,218,Harvard Business Impact
5195AV,5195AV-VIF-ENG,KAL,0_n5vrj5b2,,,Let Your Employees Take Center Stage,Harvard Business School Publishing - Corporate Learning,Limited Eligibility,218,Harvard Business Impact
5196AV,5196AV-VIF-ENG,KAL,1_cm979086,,,Be Generous With Your Network,Harvard Business School Publishing - Corporate Learning,Limited Eligibility,218,Harvard Business Impact
5197AV,5197AV-VIF-ENG,KAL,1_t6wdb6mk,,,Team Job Crafting,Harvard Business School Publishing - Corporate Learning,Limited Eligibility,218,Harvard Business Impact
5198AV,5198AV-VIF-ENG,KAL,1_3tr3f1c1,,,Women Can Benefit from Mindfulness,Harvard Business School Publishing - Corporate Learning,Limited Eligibility,218,Harvard Business Impact
5199AV,5199AV-VIF-ENG,KAL,1_ueu9jaq6,,,Become an Innovator,Harvard Business School Publishing - Corporate Learning,Limited Eligibility,218,Harvard Business Impact
5200AV,5200AV-VIF-ENG,KAL,1_o6h4y6vq,,,Invest in Cybersecurity,Harvard Business School Publishing - Corporate Learning,Limited Eligibility,218,Harvard Business Impact
5201AV,5201AV-VIF-ENG,KAL,1_une9t9qo,,,Why You Need to Think Strategically ,Harvard Business School Publishing - Corporate Learning,Limited Eligibility,218,Harvard Business Impact
5202AV,5202AV-VIF-ENG,KAL,1_uejajxne,,,How Can I Be More Strategic?,Harvard Business School Publishing - Corporate Learning,Limited Eligibility,218,Harvard Business Impact
5203AV,5203AV-VIF-ENG,KAL,1_4murmzjr,,,Strengthen Your Thinking by Inviting Dissent,Harvard Business School Publishing - Corporate Learning,Limited Eligibility,218,Harvard Business Impact
5204AV,5204AV-VIF-ENG,KAL,1_alc5jwuj,,,Break Down the Wall of Assumptions,Harvard Business School Publishing - Corporate Learning,Limited Eligibility,218,Harvard Business Impact
5206AV,5206AV-VIF-ENG,KAL,1_e4ujxwoq,,,Practice Divergent Thinking,Harvard Business School Publishing - Corporate Learning,Limited Eligibility,218,Harvard Business Impact
5207AV,5207AV-VIF-ENG,KAL,1_ka0z5cb8,,,How to Successfully Implement a Change Initiative,Harvard Business School Publishing - Corporate Learning,Limited Eligibility,218,Harvard Business Impact
5208AV,5208AV-VIF-ENG,KAL,1_tf0npoun,,,Are You Sabotaging Your Team's Change Efforts?,Harvard Business School Publishing - Corporate Learning,Limited Eligibility,218,Harvard Business Impact
5209AV,5209AV-VIF-ENG,KAL,1_u7twcv66,,,How I Focus on What Truly Matters to Me,Harvard Business School Publishing - Corporate Learning,Limited Eligibility,218,Harvard Business Impact
5210AV,5210AV-VIF-ENG,KAL,1_lmt0i8ni,,,Make the Most of Your Energy Peaks and Troughs,Harvard Business School Publishing - Corporate Learning,Limited Eligibility,218,Harvard Business Impact
5211AV,5211AV-VIF-ENG,KAL,1_swez0knx,,,Don't Let Little Tasks Distract You from Big Ones,Harvard Business School Publishing - Corporate Learning,Limited Eligibility,218,Harvard Business Impact
5212AV,5212AV-VIF-ENG,KAL,1_bgma85w8,,,Tackle the Task You've Been Avoiding,Harvard Business School Publishing - Corporate Learning,Limited Eligibility,218,Harvard Business Impact
5213AV,5213AV-VIF-ENG,KAL,1_s0d9o2mr,,,Allow Some Slack in Your Schedule,Harvard Business School Publishing - Corporate Learning,Limited Eligibility,218,Harvard Business Impact
5214AV,5214AV-VIF-ENG,KAL,1_utq3dtyb,,,Stop Multitasking and Start Getting Stuff Done,Harvard Business School Publishing - Corporate Learning,Limited Eligibility,218,Harvard Business Impact
5215AV,5215AV-VIF-ENG,KAL,1_ucz85pwm,,,How Small Requests for Time Have a Big Impact,Harvard Business School Publishing - Corporate Learning,Limited Eligibility,218,Harvard Business Impact
5216AV,5216AV-VIF-ENG,KAL,1_mgbj8dxi,,,Overwhelmed? Change How You Work,Harvard Business School Publishing - Corporate Learning,Limited Eligibility,218,Harvard Business Impact
5217AV,5217AV-VIF-ENG,KAL,1_oa3zfoef,,,Conserve Your Energy and Willpower,Harvard Business School Publishing - Corporate Learning,Limited Eligibility,218,Harvard Business Impact
5218AV,5218AV-VIF-ENG,KAL,1_2j87qhuh,,,Allocate Substantial Time for Creative Thinking,Harvard Business School Publishing - Corporate Learning,Limited Eligibility,218,Harvard Business Impact
5219AV,5219AV-VIF-ENG,KAL,1_997pjkqg,,,Refine Your New Ideas Before You Create New Programming,Harvard Business School Publishing - Corporate Learning,Limited Eligibility,218,Harvard Business Impact
5220AV,5220AV-VIF-ENG,KAL,1_vak5qd3l,,,Tell Your Story,Harvard Business School Publishing - Corporate Learning,Limited Eligibility,218,Harvard Business Impact
5221AV,5221AV-VIF-ENG,KAL,1_kfbjhdl6,,,Innovation Principles,Harvard Business School Publishing - Corporate Learning,Limited Eligibility,218,Harvard Business Impact
5224AV,5224AV-VIF-ENG,KAL,1_43ldwash,,,Empower Yourself in Times of Change,Harvard Business School Publishing - Corporate Learning,Limited Eligibility,218,Harvard Business Impact
5225AV,5225AV-VIF-ENG,KAL,1_r3tbz1zt,,,Learn to Value What Comes Naturally to You,Harvard Business School Publishing - Corporate Learning,Limited Eligibility,218,Harvard Business Impact
5226AV,5226AV-VIF-ENG,KAL,1_0s58ahwb,,,"When You Have a Plan, You Get More Done",Harvard Business School Publishing - Corporate Learning,Limited Eligibility,218,Harvard Business Impact
5233AV,5233AV-VIF-ENG,KAL,1_5xbodil3,,,Use Data to Solve Problems,Harvard Business School Publishing - Corporate Learning,Limited Eligibility,218,Harvard Business Impact
5234AV,5234AV-VIF-ENG,KAL,1_7z3esjz1,,,Your Resilience Starts with Your Values,Harvard Business School Publishing - Corporate Learning,Limited Eligibility,218,Harvard Business Impact
5235AV,5235AV-VIF-ENG,KAL,1_vfbui3fc,,,Instincts Only Get You So Far in a Crisis,Harvard Business School Publishing - Corporate Learning,Limited Eligibility,218,Harvard Business Impact
5236AV,5236AV-VIF-ENG,KAL,1_9yx8oqer,,,Plan-and Be Ready to Shift Gears,Harvard Business School Publishing - Corporate Learning,Limited Eligibility,218,Harvard Business Impact
5237AV,5237AV-VIF-ENG,KAL,1_innw9vvo,,,When Everything Feels Like a Priority ,Harvard Business School Publishing - Corporate Learning,Limited Eligibility,218,Harvard Business Impact
5238AV,5238AV-VIF-ENG,KAL,1_0l2bx4sx,,,Three Rules for Communicating During a Crisis,Harvard Business School Publishing - Corporate Learning,Limited Eligibility,218,Harvard Business Impact
5239AV,5239AV-VIF-ENG,KAL,1_rkg9y4z7,,,Upgrade Your Virtual Meetings During a Crisis,Harvard Business School Publishing - Corporate Learning,Limited Eligibility,218,Harvard Business Impact
5240AV,5240AV-VIF-ENG,KAL,1_3jqw34rm,,,Stay Close to Your Team During Uncertain Times,Harvard Business School Publishing - Corporate Learning,Limited Eligibility,218,Harvard Business Impact
5241AV,5241AV-VIF-ENG,KAL,1_ew188n53,,,Trouble Connecting with Your Team? Try Stories,Harvard Business School Publishing - Corporate Learning,Limited Eligibility,218,Harvard Business Impact
5242AV,5242AV-VIF-ENG,KAL,1_dujbjbxv,,,Remain Nimble After a Crisis ,Harvard Business School Publishing - Corporate Learning,Limited Eligibility,218,Harvard Business Impact
5243AV,5243AV-VIF-ENG,KAL,1_rumfht7e,,,Capture Your Team's Wisdom Through Stories,Harvard Business School Publishing - Corporate Learning,Limited Eligibility,218,Harvard Business Impact
5244AV,5244AV-VIF-ENG,KAL,1_55ok7myz,,,Engage in Activities That Make You Happy,Harvard Business School Publishing - Corporate Learning,Limited Eligibility,218,Harvard Business Impact
5245AV,5245AV-VIF-ENG,KAL,1_ol907mo0,,,Don't Let Your Doubts Hold You Back,Harvard Business School Publishing - Corporate Learning,Limited Eligibility,218,Harvard Business Impact
5246AV,5246AV-VIF-ENG,KAL,1_fz1u8mtg,,,Lean on Your Core Purpose During Challenging Times,Harvard Business School Publishing - Corporate Learning,Limited Eligibility,218,Harvard Business Impact
5247AV,5247AV-VIF-ENG,KAL,1_ai46e9ic,,,Change Along with Your Customers,Harvard Business School Publishing - Corporate Learning,Limited Eligibility,218,Harvard Business Impact
5248AV,5248AV-VIF-ENG,KAL,1_c0ybb7yk,,,Be Ready to Make a Pitch,Harvard Business School Publishing - Corporate Learning,Limited Eligibility,218,Harvard Business Impact
5249AV,5249AV-VIF-ENG,KAL,1_v34khf69,,,Be Ready for Digital Disruption,Harvard Business School Publishing - Corporate Learning,Limited Eligibility,218,Harvard Business Impact
5252AV,5252AV-VIF-ENG,KAL,1_b8f64nde,,,Three Qualities of a Connected Team,Harvard Business School Publishing - Corporate Learning,Limited Eligibility,218,Harvard Business Impact
5253AV,5253AV-VIF-ENG,KAL,1_eoj8nrvt,,,Connect with Your Team-No Matter Where They Are,Harvard Business School Publishing - Corporate Learning,Limited Eligibility,218,Harvard Business Impact
5254AV,5254AV-VIF-ENG,KAL,1_628trqed,,,The Three A's of Data,Harvard Business School Publishing - Corporate Learning,Limited Eligibility,218,Harvard Business Impact
5255AV,5255AV-VIF-ENG,KAL,1_kwu5zh7k,,,Make Sure Your Data Is Accurate-and Trustworthy,Harvard Business School Publishing - Corporate Learning,Limited Eligibility,218,Harvard Business Impact
5256AV,5256AV-VIF-ENG,KAL,1_y3iwhkll,,,Prioritize Your Digital Initiatives,Harvard Business School Publishing - Corporate Learning,Limited Eligibility,218,Harvard Business Impact
5257AV,5257AV-VIF-ENG,KAL,1_s0moy4q0,,,Turn Crisis into Opportunity,Harvard Business School Publishing - Corporate Learning,Limited Eligibility,218,Harvard Business Impact
5258AV,5258AV-VIF-ENG,KAL,1_eylk0tbe,,,Experiment with a Purpose in Mind,Harvard Business School Publishing - Corporate Learning,Limited Eligibility,218,Harvard Business Impact
5259AV,5259AV-VIF-ENG,KAL,1_p3sf9sg9,,,Change How You Think,Harvard Business School Publishing - Corporate Learning,Limited Eligibility,218,Harvard Business Impact
5260AV,5260AV-VIF-ENG,KAL,1_s76za92f,,,Make Learning Stick,Harvard Business School Publishing - Corporate Learning,Limited Eligibility,218,Harvard Business Impact
5261AV,5261AV-VIF-ENG,KAL,1_cq1c28od,,,How Successful Leaders Empower Others,Harvard Business School Publishing - Corporate Learning,Limited Eligibility,218,Harvard Business Impact
5262AV,5262AV-VIF-ENG,KAL,1_gfjoi9e1,,,What I Learned About Being a Leader,Harvard Business School Publishing - Corporate Learning,Limited Eligibility,218,Harvard Business Impact
5264AV,5264AV-VIF-ENG,KAL,1_lsjmebq6,,,Can You Lead Without Authority?,Harvard Business School Publishing - Corporate Learning,Limited Eligibility,218,Harvard Business Impact
5265AV,5265AV-VIF-ENG,KAL,1_tyjfo4ue,,,Put Empathy into Action,Harvard Business School Publishing - Corporate Learning,Limited Eligibility,218,Harvard Business Impact
5266AV,5266AV-VIF-ENG,KAL,1_kzsmzdxd,,,What It Takes to Maintain Trust,Harvard Business School Publishing - Corporate Learning,Limited Eligibility,218,Harvard Business Impact
5267AV,5267AV-VIF-ENG,KAL,1_oiza97bt,,,You've Lost Your Team's Trust. What's Next,Harvard Business School Publishing - Corporate Learning,Limited Eligibility,218,Harvard Business Impact
5269AV,5269AV-VIF-ENG,KAL,1_2nrrw1yy,,,Inclusive Teams Are High Performing Ones,Harvard Business School Publishing - Corporate Learning,Limited Eligibility,218,Harvard Business Impact
5270AV,5270AV-VIF-ENG,KAL,1_d5ur4luy,,,Unite Your Team Across Distance,Harvard Business School Publishing - Corporate Learning,Limited Eligibility,218,Harvard Business Impact
5275AV,5275AV-VIF-ENG,KAL,1_3ykgw1hy,,,You Said Something Insensitive. Now What?,Harvard Business School Publishing - Corporate Learning,Limited Eligibility,218,Harvard Business Impact
5283AV,5283AV-VIF-ENG,KAL,1_adsqv5j8,,,Help Others Reach Their Highest Potential,Harvard Business School Publishing - Corporate Learning,Limited Eligibility,218,Harvard Business Impact
5284AV,5284AV-VIF-ENG,KAL,1_ztugiirv,,,Finding Success in Your Digital Transformation,Harvard Business School Publishing - Corporate Learning,Limited Eligibility,218,Harvard Business Impact
5285AV,5285AV-VIF-ENG,KAL,1_031den16,,,Know People's Dreams-and Unleash Team Success,Harvard Business School Publishing - Corporate Learning,Limited Eligibility,218,Harvard Business Impact
5286AV,5286AV-VIF-ENG,KAL,1_g694mxfv,,,Data to Analyze? Start Here,Harvard Business School Publishing - Corporate Learning,Limited Eligibility,218,Harvard Business Impact
5288AV,5288AV-VIF-ENG,KAL,1_pmlais5m,,,Deal with the Dilemmas That Digital Disruption Poses,Harvard Business School Publishing - Corporate Learning,Limited Eligibility,218,Harvard Business Impact
5289AV,5289AV-VIF-ENG,KAL,1_yhs87pr4,,,Give People Autonomy and Watch Them Thrive,Harvard Business School Publishing - Corporate Learning,Limited Eligibility,218,Harvard Business Impact
5290AV,5290AV-VIF-ENG,KAL,1_9o1unz38,,,Lead Your Team to Peak Performance,Harvard Business School Publishing - Corporate Learning,Limited Eligibility,218,Harvard Business Impact
5291AV,5291AV-VIF-ENG,KAL,1_fkn3ew7l,,,Successfully Launch a New Team,Harvard Business School Publishing - Corporate Learning,Limited Eligibility,218,Harvard Business Impact
5292AV,5292AV-VIF-ENG,KAL,1_mmfg2emd,,,"Overcoming ""Dead Air"" in Your Meetings",Harvard Business School Publishing - Corporate Learning,Limited Eligibility,218,Harvard Business Impact
5293AV,5293AV-VIF-ENG,KAL,1_x8hucvpc,,,How to Build and Regain Trust,Harvard Business School Publishing - Corporate Learning,Limited Eligibility,218,Harvard Business Impact
5295AV,5295AV-VIF-ENG,KAL,1_cukhvhz5,,,Beyond Burned Out,Harvard Business School Publishing - Corporate Learning,Limited Eligibility,218,Harvard Business Impact
5296AV,5296AV-VIF-ENG,KAL,1_teujy3ic,,,When Conflict Is Constructive and When It's Not,Harvard Business School Publishing - Corporate Learning,Limited Eligibility,218,Harvard Business Impact
5297AV,5297AV-VIF-ENG,KAL,1_fzr8cdcj,,,Disagree Without Being Disagreeable,Harvard Business School Publishing - Corporate Learning,Limited Eligibility,218,Harvard Business Impact
5298AV,5298AV-VIF-ENG,KAL,1_9x9mjbaa,,,Share the Gift of Team Knowledge,Harvard Business School Publishing - Corporate Learning,Limited Eligibility,218,Harvard Business Impact
5299AV,5299AV-VIF-ENG,KAL,1_xefjs762,,,Create a Culture of Feedback on Your Team,Harvard Business School Publishing - Corporate Learning,Limited Eligibility,218,Harvard Business Impact
5301AV,5301AV-VIF-ENG,KAL,1_x74prnms,,,Three Pillars of a Great Presentation,Harvard Business School Publishing - Corporate Learning,Limited Eligibility,218,Harvard Business Impact
5302AV,5302AV-VIF-ENG,KAL,1_172t8suh,,,Consider Your Audience,Harvard Business School Publishing - Corporate Learning,Limited Eligibility,218,Harvard Business Impact
5303AV,5303AV-VIF-ENG,KAL,1_askec1mg,,,Grab Your Audience's Attention,Harvard Business School Publishing - Corporate Learning,Limited Eligibility,218,Harvard Business Impact
5304AV,5304AV-VIF-ENG,KAL,1_bs8ixhsr,,,Choose the Right Story to Tell,Harvard Business School Publishing - Corporate Learning,Limited Eligibility,218,Harvard Business Impact
5305AV,5305AV-VIF-ENG,KAL,1_xqfu2ia0,,,You Don't Have to Be a Designer to Create Good Slides,Harvard Business School Publishing - Corporate Learning,Limited Eligibility,218,Harvard Business Impact
5306AV,5306AV-VIF-ENG,KAL,1_kxd4dutf,,,Create Presentation Slides That Shine,Harvard Business School Publishing - Corporate Learning,Limited Eligibility,218,Harvard Business Impact
5307AV,5307AV-VIF-ENG,KAL,1_hxjrz4jj,,,Telling Stories with Data,Harvard Business School Publishing - Corporate Learning,Limited Eligibility,218,Harvard Business Impact
5308AV,5308AV-VIF-ENG,KAL,1_hz874s31,,,Elevate Your Presentation by Choosing Words with Impact,Harvard Business School Publishing - Corporate Learning,Limited Eligibility,218,Harvard Business Impact
5309AV,5309AV-VIF-ENG,KAL,1_trn3d2a5,,,Improve Your Presentation Through Practice,Harvard Business School Publishing - Corporate Learning,Limited Eligibility,218,Harvard Business Impact
5310AV,5310AV-VIF-ENG,KAL,1_ubrcp6lh,,,Telling Your Nerves Who's the Boss,Harvard Business School Publishing - Corporate Learning,Limited Eligibility,218,Harvard Business Impact
5311AV,5311AV-VIF-ENG,KAL,1_4b4m8a7l,,,Tips for Communicating Well During Virtual Meetings,Harvard Business School Publishing - Corporate Learning,Limited Eligibility,218,Harvard Business Impact
5312AV,5312AV-VIF-ENG,KAL,1_ux9wh7w2,,,Be Aware of Your Audience,Harvard Business School Publishing - Corporate Learning,Limited Eligibility,218,Harvard Business Impact
5313AV,5313AV-VIF-ENG,KAL,1_lgpy915b,,,A Learner Practices Her Presentation Skills,Harvard Business School Publishing - Corporate Learning,Limited Eligibility,218,Harvard Business Impact
5314AV,5314AV-VIF-ENG,KAL,1_rf34rj9p,,,Avoid Decision Traps,Harvard Business School Publishing - Corporate Learning,Limited Eligibility,218,Harvard Business Impact
5315AV,5315AV-VIF-ENG,KAL,1_47zmda5p,,,Mitigating Decision Bias,Harvard Business School Publishing - Corporate Learning,Limited Eligibility,218,Harvard Business Impact
5316AV,5316AV-VIF-ENG,KAL,1_yh5tsvo6,,,Uncovering Biases Before They Become Poor Decisions,Harvard Business School Publishing - Corporate Learning,Limited Eligibility,218,Harvard Business Impact
5317AV,5317AV-VIF-ENG,KAL,1_in3jyflo,,,Begin with Trust,Harvard Business School Publishing - Corporate Learning,Limited Eligibility,218,Harvard Business Impact
5318AV,5318AV-VIF-ENG,KAL,1_99cczmog,,,How the Trust Triangle Works,Harvard Business School Publishing - Corporate Learning,Limited Eligibility,218,Harvard Business Impact
5319AV,5319AV-VIF-ENG,KAL,1_vbq8fbay,,,Balance Your Trust Wobbles,Harvard Business School Publishing - Corporate Learning,Limited Eligibility,218,Harvard Business Impact
5320AV,5320AV-VIF-ENG,KAL,1_2p3z7fes,,, Open Opportunities by Communicating About Data,Harvard Business School Publishing - Corporate Learning,Limited Eligibility,218,Harvard Business Impact
5321AV,5321AV-VIF-ENG,KAL,1_lbhryjun,,,Telling Great Stories with Data,Harvard Business School Publishing - Corporate Learning,Limited Eligibility,218,Harvard Business Impact
5322AV,5322AV-VIF-ENG,KAL,1_ccft3tms,,,Becoming a Better Data Storyteller,Harvard Business School Publishing - Corporate Learning,Limited Eligibility,218,Harvard Business Impact
5323AV,5323AV-VIF-ENG,KAL,1_1eoi5phy,,,The Surprising Advantages of Disrupting Your Career,Harvard Business School Publishing - Corporate Learning,Limited Eligibility,218,Harvard Business Impact
5324AV,5324AV-VIF-ENG,KAL,1_b6uzoym3,,,Disrupt Your Career by Identifying Needs and Strengths ,Harvard Business School Publishing - Corporate Learning,Limited Eligibility,218,Harvard Business Impact
5325AV,5325AV-VIF-ENG,KAL,1_lwzf3slb,,,Disrupt Your Career: Step Back and Let Your Strategy Emerge,Harvard Business School Publishing - Corporate Learning,Limited Eligibility,218,Harvard Business Impact
5326AV,5326AV-VIF-ENG,KAL,1_y485s3ew,,,Maximize Your Authentic Personal Impact,Harvard Business School Publishing - Corporate Learning,Limited Eligibility,218,Harvard Business Impact
5327AV,5327AV-VIF-ENG,KAL,1_c54s12so,,,How to Establish Personal Presence,Harvard Business School Publishing - Corporate Learning,Limited Eligibility,218,Harvard Business Impact
5328AV,5328AV-VIF-ENG,KAL,1_rhxo87wa,,,Developing Your Personal Presence,Harvard Business School Publishing - Corporate Learning,Limited Eligibility,218,Harvard Business Impact
5331AV,5331AV-VIF-ENG,KAL,1_hs29c9sw,,,Using Data Analysis as a Superpower,Harvard Business School Publishing - Corporate Learning,Limited Eligibility,218,Harvard Business Impact
5332AV,5332AV-VIF-ENG,KAL,1_du34qlet,,,Encourage Well-Thought-Out Risks,Harvard Business School Publishing - Corporate Learning,Limited Eligibility,218,Harvard Business Impact
5333AV,5333AV-VIF-ENG,KAL,1_ke174hz4,,,Being a Great Communicator Means Avoiding These Pitfalls,Harvard Business School Publishing - Corporate Learning,Limited Eligibility,218,Harvard Business Impact
5334AV,5334AV-VIF-ENG,KAL,1_we58h6es,,,Break Out of Your Creative Rut,Harvard Business School Publishing - Corporate Learning,Limited Eligibility,218,Harvard Business Impact
5335AV,5335AV-VIF-ENG,KAL,1_z4cuabh1,,,What You Can Do to Feel Less Lonely at Work,Harvard Business School Publishing - Corporate Learning,Limited Eligibility,218,Harvard Business Impact
5336AV,5336AV-VIF-ENG,KAL,1_rjkvyh86,,,Feedback Can Help You Do Your Best Work,Harvard Business School Publishing - Corporate Learning,Limited Eligibility,218,Harvard Business Impact
5337AV,5337AV-VIF-ENG,KAL,1_62z2hqzm,,,Get Better at Giving Feedback,Harvard Business School Publishing - Corporate Learning,Limited Eligibility,218,Harvard Business Impact
5338AV,5338AV-VIF-ENG,KAL,1_7tf28syg,,,Identify Damaging Biases,Harvard Business School Publishing - Corporate Learning,Limited Eligibility,218,Harvard Business Impact
5339AV,5339AV-VIF-ENG,KAL,1_8w5zpxb2,,,Maximize Your Communication,Harvard Business School Publishing - Corporate Learning,Limited Eligibility,218,Harvard Business Impact
5340AV,5340AV-VIF-ENG,KAL,1_elj6fpox,,,Manage Difficult Emotions,Harvard Business School Publishing - Corporate Learning,Limited Eligibility,218,Harvard Business Impact
5341AV,5341AV-VIF-ENG,KAL,1_gsxte27c,,,Foster a Productive Dialogue,Harvard Business School Publishing - Corporate Learning,Limited Eligibility,218,Harvard Business Impact
5342AV,5342AV-VIF-ENG,KAL,1_9eyr11yo,,,Develop Network Relationships,Harvard Business School Publishing - Corporate Learning,Limited Eligibility,218,Harvard Business Impact
5343AV,5343AV-VIF-ENG,KAL,1_zt9wsawy,,,Put Networks to Use,Harvard Business School Publishing - Corporate Learning,Limited Eligibility,218,Harvard Business Impact
5344AV,5344AV-VIF-ENG,KAL,1_bhew1mjg,,,Cope with a Difficult Boss,Harvard Business School Publishing - Corporate Learning,Limited Eligibility,218,Harvard Business Impact
5346AV,5346AV-VIF-ENG,KAL,1_8wjeq0jf,,,Prevent and Manage Employee Exits,Harvard Business School Publishing - Corporate Learning,Limited Eligibility,218,Harvard Business Impact
5347AV,5347AV-VIF-ENG,KAL,1_aodeggin,,,Build Your Alumni Network,Harvard Business School Publishing - Corporate Learning,Limited Eligibility,218,Harvard Business Impact
5348AV,5348AV-VIF-ENG,KAL,1_g4pndrb8,,,Rethink Job Qualifications,Harvard Business School Publishing - Corporate Learning,Limited Eligibility,218,Harvard Business Impact
5349AV,5349AV-VIF-ENG,KAL,1_rb4sit86,,,Tours of Duty,Harvard Business School Publishing - Corporate Learning,Limited Eligibility,218,Harvard Business Impact
5350AV,5350AV-VIF-ENG,KAL,1_ctq92mks,,,Make Work More Attractive for Your Team,Harvard Business School Publishing - Corporate Learning,Limited Eligibility,218,Harvard Business Impact
5351AV,5351AV-VIF-ENG,KAL,1_avwaiphw,,,"Navigating the Career ""RockWall""",Harvard Business School Publishing - Corporate Learning,Limited Eligibility,218,Harvard Business Impact
5353AV,5353AV-VIF-ENG,KAL,1_th6y1eqy,,,How Was Your First Day?,Harvard Business School Publishing - Corporate Learning,Limited Eligibility,218,Harvard Business Impact
5355AV,5355AV-VIF-ENG,KAL,1_78rla59d,,,Help Team Members Reach Their Dreams,Harvard Business School Publishing - Corporate Learning,Limited Eligibility,218,Harvard Business Impact
5356AV,5356AV-VIF-ENG,KAL,1_zkwjj80a,,,The Income Statement: Tracking Profit and Loss,Harvard Business School Publishing - Corporate Learning,Limited Eligibility,218,Harvard Business Impact
5357AV,5357AV-VIF-ENG,KAL,1_xsm6u2v9,,,Add Value with Complements,Harvard Business School Publishing - Corporate Learning,Limited Eligibility,218,Harvard Business Impact
5358AV,5358AV-VIF-ENG,KAL,1_ryrh6gqh,,,How a Change in Strategy Saved Best Buy,Harvard Business School Publishing - Corporate Learning,Limited Eligibility,218,Harvard Business Impact
5359AV,5359AV-VIF-ENG,KAL,1_311x3fpb,,,What a Change in Business Model Can Do,Harvard Business School Publishing - Corporate Learning,Limited Eligibility,218,Harvard Business Impact
5360AV,5360AV-VIF-ENG,KAL,1_atu4o8ga,,,Why Gross Profit Matters,Harvard Business School Publishing - Corporate Learning,Limited Eligibility,218,Harvard Business Impact
5361AV,5361AV-VIF-ENG,KAL,1_zslhkkcf,,,Know About Business to Grow in Business,Harvard Business School Publishing - Corporate Learning,Limited Eligibility,218,Harvard Business Impact
5362AV,5362AV-VIF-ENG,KAL,1_c9fex2rt,,,Creating a Winning Business Model,Harvard Business School Publishing - Corporate Learning,Limited Eligibility,218,Harvard Business Impact
5363AV,5363AV-VIF-ENG,KAL,1_o6ky9hf5,,,Building Blocks of Business Success,Harvard Business School Publishing - Corporate Learning,Limited Eligibility,218,Harvard Business Impact
5364AV,5364AV-VIF-ENG,KAL,1_aa6os07u,,,A Tale of Two Business Models,Harvard Business School Publishing - Corporate Learning,Limited Eligibility,218,Harvard Business Impact
5365AV,5365AV-VIF-ENG,KAL,1_ubesuyms,,,Strategy: A Plan to Create Value,Harvard Business School Publishing - Corporate Learning,Limited Eligibility,218,Harvard Business Impact
5366AV,5366AV-VIF-ENG,KAL,1_v0y0n67t,,,What Can You Find on a Balance Sheet?,Harvard Business School Publishing - Corporate Learning,Limited Eligibility,218,Harvard Business Impact
5367AV,5367AV-VIF-ENG,KAL,1_75tk4dlk,,,What to Know About Cash Flow,Harvard Business School Publishing - Corporate Learning,Limited Eligibility,218,Harvard Business Impact
5368AV,5368AV-VIF-ENG,KAL,1_ej1boiph,,,Level Up at Work: Understand Your Organization's Big Picture,Harvard Business School Publishing - Corporate Learning,Limited Eligibility,218,Harvard Business Impact
5369AV,5369AV-VIF-ENG,KAL,1_spowzekt,,,How to Establish Your Personal Brand,Harvard Business School Publishing - Corporate Learning,Limited Eligibility,218,Harvard Business Impact
5370AV,5370AV-VIF-ENG,KAL,1_58m9enmh,,,Good Leaders Drive Change with Authenticity ,Harvard Business School Publishing - Corporate Learning,Limited Eligibility,218,Harvard Business Impact
5371AV,5371AV-VIF-ENG,KAL,1_ey785s5u,,,Change Near Customers into New Customers,Harvard Business School Publishing - Corporate Learning,Limited Eligibility,218,Harvard Business Impact
5372AV,5372AV-VIF-ENG,KAL,1_vrvgg0hh,,,Use More Than Data for Decision Making,Harvard Business School Publishing - Corporate Learning,Limited Eligibility,218,Harvard Business Impact
5373AV,5373AV-VIF-ENG,KAL,1_dnbx1egp,,,"To Keep Customers Happy, Appeal to Their Subconscious ",Harvard Business School Publishing - Corporate Learning,Limited Eligibility,218,Harvard Business Impact
5374AV,5374AV-VIF-ENG,KAL,1_tj8sx6uk,,,Turning Conflict into a Healthier Relationship,Harvard Business School Publishing - Corporate Learning,Limited Eligibility,218,Harvard Business Impact
5375AV,5375AV-VIF-ENG,KAL,1_l3vfg0f2,,,Why Conflict Can Be Good for Innovation,Harvard Business School Publishing - Corporate Learning,Limited Eligibility,218,Harvard Business Impact
5376AV,5376AV-VIF-ENG,KAL,1_59u25epq,,,A Healthy Way to Engage with Conflict,Harvard Business School Publishing - Corporate Learning,Limited Eligibility,218,Harvard Business Impact
5377AV,5377AV-VIF-ENG,KAL,1_9vqo5izi,,,Getting Ready for a Tough Conversation,Harvard Business School Publishing - Corporate Learning,Limited Eligibility,218,Harvard Business Impact
5378AV,5378AV-VIF-ENG,KAL,1_pzanqme6,,,One Key to Resolving Conflict: Open Mindedness,Harvard Business School Publishing - Corporate Learning,Limited Eligibility,218,Harvard Business Impact
5379AV,5379AV-VIF-ENG,KAL,1_39pdcqt2,,,What's Your Approach to Conflict?,Harvard Business School Publishing - Corporate Learning,Limited Eligibility,218,Harvard Business Impact
5380AV,5380AV-VIF-ENG,KAL,1_l8kfnuk6,,,What Good Listening Really Sounds Like,Harvard Business School Publishing - Corporate Learning,Limited Eligibility,218,Harvard Business Impact
5381AV,5381AV-VIF-ENG,KAL,1_ah9ez2kk,,,Challenge a Hypothesis to Make a Better Decision,Harvard Business School Publishing - Corporate Learning,Limited Eligibility,218,Harvard Business Impact
5382AV,5382AV-VIF-ENG,KAL,1_6nbhr3ej,,,Help Your Team Learn from Decisions,Harvard Business School Publishing - Corporate Learning,Limited Eligibility,218,Harvard Business Impact
5383AV,5383AV-VIF-ENG,KAL,1_8vh3tyyy,,,When to Use Data to Make Decisions,Harvard Business School Publishing - Corporate Learning,Limited Eligibility,218,Harvard Business Impact
5384AV,5384AV-VIF-ENG,KAL,1_dasivoxl,,,Flawed Decision Making and How to Avoid It,Harvard Business School Publishing - Corporate Learning,Limited Eligibility,218,Harvard Business Impact
5385AV,5385AV-VIF-ENG,KAL,1_xo1uyon7,,,Cultural Diversity Leads to Better Decision Making,Harvard Business School Publishing - Corporate Learning,Limited Eligibility,218,Harvard Business Impact
5387AV,5387AV-VIF-ENG,KAL,1_qb38ykwy,,,What Decision Would You Make?,Harvard Business School Publishing - Corporate Learning,Limited Eligibility,218,Harvard Business Impact
5388AV,5388AV-VIF-ENG,KAL,1_b7w0qoh4,,,How Would You Navigate This Conversation?,Harvard Business School Publishing - Corporate Learning,Limited Eligibility,218,Harvard Business Impact
5389AV,5389AV-VIF-ENG,KAL,1_r9ibtsp6,,,Help Employees Discover Enjoyable Aspects of Their Work ,Harvard Business School Publishing - Corporate Learning,Limited Eligibility,218,Harvard Business Impact
5390AV,5390AV-VIF-ENG,KAL,1_0yhusci3,,,The Secret to Building a Strong Team,Harvard Business School Publishing - Corporate Learning,Limited Eligibility,218,Harvard Business Impact
5393AV,5393AV-VIF-ENG,KAL,1_qe9lrxvy,,,"The ""Win-Win"" Persuasion Tactic",Harvard Business School Publishing - Corporate Learning,Limited Eligibility,218,Harvard Business Impact
5394AV,5394AV-VIF-ENG,KAL,1_83ax12fk,,,How to Excel at Both Strategy and Execution,Harvard Business School Publishing - Corporate Learning,Limited Eligibility,218,Harvard Business Impact
5395AV,5395AV-VIF-ENG,KAL,1_jl8d0qsi,,,Solve Problems with Both/And Thinking ,Harvard Business School Publishing - Corporate Learning,Limited Eligibility,218,Harvard Business Impact
5396AV,5396AV-VIF-ENG,KAL,1_ptvm6ory,,,Use Privileged Insights to Stay Ahead of Competitors,Harvard Business School Publishing - Corporate Learning,Limited Eligibility,218,Harvard Business Impact
5397AV,5397AV-VIF-ENG,KAL,1_kq3pnfyk,,,Strategy Isn't Just for Executives,Harvard Business School Publishing - Corporate Learning,Limited Eligibility,218,Harvard Business Impact
5398AV,5398AV-VIF-ENG,KAL,1_lh5rvzsr,,,4 Steps of Strategic Thinking ,Harvard Business School Publishing - Corporate Learning,Limited Eligibility,218,Harvard Business Impact
5399AV,5399AV-VIF-ENG,KAL,1_t9je3hgb,,,The ABCDs of Both/And Thinking,Harvard Business School Publishing - Corporate Learning,Limited Eligibility,218,Harvard Business Impact
5400AV,5400AV-VIF-ENG,KAL,1_fbuqznm8,,,Rethink How You Allocate Resources,Harvard Business School Publishing - Corporate Learning,Limited Eligibility,218,Harvard Business Impact
5401AV,5401AV-VIF-ENG,KAL,1_bl0erl6c,,,A Different Approach to Navigating Tension,Harvard Business School Publishing - Corporate Learning,Limited Eligibility,218,Harvard Business Impact
5402AV,5402AV-VIF-ENG,KAL,1_uof4gnq9,,,Managing Paradoxes Can Be Uncomfortable,Harvard Business School Publishing - Corporate Learning,Limited Eligibility,218,Harvard Business Impact
5403AV,5403AV-VIF-ENG,KAL,1_abvys3p6,,,Welcome to Conversation Starters,Harvard Business School Publishing - Corporate Learning,Limited Eligibility,218,Harvard Business Impact
5404AV,5404AV-VIF-ENG,KAL,1_kygdznsc,,,Set the Tone for Connection,Harvard Business School Publishing - Corporate Learning,Limited Eligibility,218,Harvard Business Impact
5405AV,5405AV-VIF-ENG,KAL,1_1odkgzu1,,,"Create a Bold, Safe Space for Discussion",Harvard Business School Publishing - Corporate Learning,Limited Eligibility,218,Harvard Business Impact
5407AV,5407AV-VIF-ENG,KAL,1_jks3nn7p,,,Guess What? People Want Feedback ,Harvard Business School Publishing - Corporate Learning,Limited Eligibility,218,Harvard Business Impact
5408AV,5408AV-VIF-ENG,KAL,1_78ulwij8,,,Work Through Challenging Feedback,Harvard Business School Publishing - Corporate Learning,Limited Eligibility,218,Harvard Business Impact
5409AV,5409AV-VIF-ENG,KAL,1_ivj2ipta,,,How Will You Give Tough Feedback?,Harvard Business School Publishing - Corporate Learning,Limited Eligibility,218,Harvard Business Impact
5410AV,5410AV-VIF-ENG,KAL,1_u3v8dbum,,,Can You Defuse an Emotional Response to Feedback?,Harvard Business School Publishing - Corporate Learning,Limited Eligibility,218,Harvard Business Impact
5411AV,5411AV-VIF-ENG,KAL,1_pd3kevmg,,,Modeling Feedback on Your Team,Harvard Business School Publishing - Corporate Learning,Limited Eligibility,218,Harvard Business Impact
5412AV,5412AV-VIF-ENG,KAL,1_ukhu1yw3,,,Two Types of Influence: Telling and Selling,Harvard Business School Publishing - Corporate Learning,Limited Eligibility,218,Harvard Business Impact
5413AV,5413AV-VIF-ENG,KAL,1_mh6p3lns,,,A Fast Track to Building Trust,Harvard Business School Publishing - Corporate Learning,Limited Eligibility,218,Harvard Business Impact
5414AV,5414AV-VIF-ENG,KAL,1_wgdgr4qs,,,Level Up at Work: Develop Your Gravitas,Harvard Business School Publishing - Corporate Learning,Limited Eligibility,218,Harvard Business Impact
5415AV,5415AV-VIF-ENG,KAL,1_p1k55k76,,,Make Your Case in Three Steps,Harvard Business School Publishing - Corporate Learning,Limited Eligibility,218,Harvard Business Impact
5416AV,5416AV-VIF-ENG,KAL,1_ocmhv1k8,,,Don't Over Prepare Your Pitch,Harvard Business School Publishing - Corporate Learning,Limited Eligibility,218,Harvard Business Impact
5417AV,5417AV-VIF-ENG,KAL,1_ww7b60bg,,,Want to Persuade Someone? Sit Beside Them ,Harvard Business School Publishing - Corporate Learning,Limited Eligibility,218,Harvard Business Impact
5418AV,5418AV-VIF-ENG,KAL,1_pue40tss,,,The Persuasive Power of Storytelling,Harvard Business School Publishing - Corporate Learning,Limited Eligibility,218,Harvard Business Impact
5419AV,5419AV-VIF-ENG,KAL,1_fquavbgs,,,Turn a No into a Yes,Harvard Business School Publishing - Corporate Learning,Limited Eligibility,218,Harvard Business Impact
5420AV,5420AV-VIF-ENG,KAL,1_0hvq83w9,,,How Will You Get Buy-In for Your Idea?,Harvard Business School Publishing - Corporate Learning,Limited Eligibility,218,Harvard Business Impact
5534AV,5534AV-VIF-ENG,KAL,1_14qlbsu7,,,How to Surface the Best Ideas,Harvard Business School Publishing - Corporate Learning,Limited Eligibility,218,Harvard Business Impact
5535AV,5535AV-VIF-ENG,KAL,1_8qtfyvhw,,,Strategy Is About Making Choices,Harvard Business School Publishing - Corporate Learning,Limited Eligibility,218,Harvard Business Impact
5537AV,5537AV-VIF-ENG,KAL,1_sl6r2d8z,,,Is Your Boss a Leader or a Listener,Harvard Business School Publishing - Corporate Learning,Limited Eligibility,218,Harvard Business Impact
5538AV,5538AV-VIF-ENG,KAL,1_mgknlq81,,,Always Prepare for Meetings,Harvard Business School Publishing - Corporate Learning,Limited Eligibility,218,Harvard Business Impact
5540AV,5540AV-VIF-ENG,KAL,1_xvvkwibp,,,"Negotiate Interests, Not Positions",Harvard Business School Publishing - Corporate Learning,Limited Eligibility,218,Harvard Business Impact
5541AV,5541AV-VIF-ENG,KAL,1_4c2vjor9,,,Provide Balanced Feedback on Employees Performance,Harvard Business School Publishing - Corporate Learning,Limited Eligibility,218,Harvard Business Impact
5542AV,5542AV-VIF-ENG,KAL,1_z8bqcdk9,,,Set Clear Goals for Employees Before Performance Appraisals,Harvard Business School Publishing - Corporate Learning,Limited Eligibility,218,Harvard Business Impact
5543AV,5543AV-VIF-ENG,KAL,1_tryv6sr7,,,Know the Signs of Burnout,Harvard Business School Publishing - Corporate Learning,Limited Eligibility,218,Harvard Business Impact
5544AV,5544AV-VIF-ENG,KAL,1_9xqjwxsh,,,Motivate a Problem Employee,Harvard Business School Publishing - Corporate Learning,Limited Eligibility,218,Harvard Business Impact
5546AV,5546AV-VIF-ENG,KAL,1_uez5ff01,,,Stay Open When Receiving Feedback,Harvard Business School Publishing - Corporate Learning,Limited Eligibility,218,Harvard Business Impact
5547AV,5547AV-VIF-ENG,KAL,1_ffw5gh8n,,,Resolve Destructive Conflict,Harvard Business School Publishing - Corporate Learning,Limited Eligibility,218,Harvard Business Impact
5548AV,5548AV-VIF-ENG,KAL,1_w5jwdqwt,,,Open Up New Possibilities,Harvard Business School Publishing - Corporate Learning,Limited Eligibility,218,Harvard Business Impact
5549AV,5549AV-VIF-ENG,KAL,1_41p8nme2,,,Raul receives advice from Sangeeta,Harvard Business School Publishing - Corporate Learning,Limited Eligibility,218,Harvard Business Impact
5550AV,5550AV-VIF-ENG,KAL,1_v8jiiaja,,,Felix and Sarah explore solutions together to resolve a conflict,Harvard Business School Publishing - Corporate Learning,Limited Eligibility,218,Harvard Business Impact
5551AV,5551AV-VIF-ENG,KAL,1_qvartm78,,,"While Coaching, Listen More Than You Talk ",Harvard Business School Publishing - Corporate Learning,Limited Eligibility,218,Harvard Business Impact
5552AV,5552AV-VIF-ENG,KAL,1_l7bn95t9,,,Using A/B Tests to Improve the Customer Experience,President and Fellows of Harvard College,Limited Eligibility,218,President and Fellows of Harvard College
5553AV,5553AV-VIF-ENG,KAL,1_ok723bin,,,A/B Test Basics,President and Fellows of Harvard College,Limited Eligibility,218,President and Fellows of Harvard College
5554AV,5554AV-VIF-ENG,KAL,1_5251dbqy,,,An Example of an A/B Test,President and Fellows of Harvard College,Limited Eligibility,218,President and Fellows of Harvard College
5555AV,5555AV-VIF-ENG,KAL,1_vsa4k3vq,,,Avoid A/B Testing Mistakes,President and Fellows of Harvard College,Limited Eligibility,218,President and Fellows of Harvard College
5556AV,5556AV-VIF-ENG,KAL,1_me7molfa,,,The Value of A/B Testing,President and Fellows of Harvard College,Limited Eligibility,218,President and Fellows of Harvard College
5557AV,5557AV-VIF-ENG,KAL,1_1aelxczc,,,Sampling at Amazon,President and Fellows of Harvard College,Limited Eligibility,218,President and Fellows of Harvard College
5558AV,5558AV-VIF-ENG,KAL,1_2un8m66h,,,First Steps of Successful Sampling,President and Fellows of Harvard College,Limited Eligibility,218,President and Fellows of Harvard College
5559AV,5559AV-VIF-ENG,KAL,1_mt11pt3x,,,The Importance of Random Samples,President and Fellows of Harvard College,Limited Eligibility,218,President and Fellows of Harvard College
5560AV,5560AV-VIF-ENG,KAL,1_vlwy0zm0,,,Avoiding Bias in Survey Questions,President and Fellows of Harvard College,Limited Eligibility,218,President and Fellows of Harvard College
5561AV,5561AV-VIF-ENG,KAL,1_qa3p3u1i,,,Ratios As The Language of Business,President and Fellows of Harvard College,Limited Eligibility,218,President and Fellows of Harvard College
5562AV,5562AV-VIF-ENG,KAL,1_4oimpnom,,,Liquidity Ratios,President and Fellows of Harvard College,Limited Eligibility,218,President and Fellows of Harvard College
5563AV,5563AV-VIF-ENG,KAL,1_b9lcedre,,,Profitability Ratios,President and Fellows of Harvard College,Limited Eligibility,218,President and Fellows of Harvard College
5564AV,5564AV-VIF-ENG,KAL,1_oapiwqku,,,"What Is ""Leverage""?",President and Fellows of Harvard College,Limited Eligibility,218,President and Fellows of Harvard College
5565AV,5565AV-VIF-ENG,KAL,1_x5csnhv3,,,Productivity Ratios,President and Fellows of Harvard College,Limited Eligibility,218,President and Fellows of Harvard College
5566AV,5566AV-VIF-ENG,KAL,1_vbcpndql,,,Engage Effectively with Gen AI,Harvard Business School Publishing - Corporate Learning,Limited Eligibility,218,Harvard Business Impact
5567AV,5567AV-VIF-ENG,KAL,1_ldppx4dt,,,The Ethical Challenges of Gen AI,Harvard Business School Publishing - Corporate Learning,Limited Eligibility,218,Harvard Business Impact
5568AV,5568AV-VIF-ENG,KAL,1_hhr6d25d,,,Your Pocket Leadership Coach,Harvard Business School Publishing - Corporate Learning,Limited Eligibility,218,Harvard Business Impact
5569AV,5569AV-VIF-ENG,KAL,1_6rtp5a85,,,Build Your Gen AI Mindset,Harvard Business School Publishing - Corporate Learning,Limited Eligibility,218,Harvard Business Impact
5570AV,5570AV-VIF-ENG,KAL,1_na74s9ep,,,Use Gen AI Responsibly,Harvard Business School Publishing - Corporate Learning,Limited Eligibility,218,Harvard Business Impact
5572AV,5572AV-VIF-ENG,KAL,1_psshy9iy,,,Learn About Gen AI as a Team,Harvard Business School Publishing - Corporate Learning,Limited Eligibility,218,Harvard Business Impact
5573AV,5573AV-VIF-ENG,KAL,1_baagsqez,,,Watch Your Ideas Take Flight with Gen AI,Harvard Business School Publishing - Corporate Learning,Limited Eligibility,218,Harvard Business Impact
5574AV,5574AV-VIF-ENG,KAL,1_e2wwetim,,,Elevate Your Gen AI Results,Harvard Business School Publishing - Corporate Learning,Limited Eligibility,218,Harvard Business Impact
5575AV,5575AV-VIF-ENG,KAL,1_wl1adyaz,,,How To Get (A Lot) More Out of Working with AI,Harvard Business School Publishing - Corporate Learning,Limited Eligibility,218,Harvard Business Impact
5576AV,5576AV-VIF-ENG,KAL,1_erc406pn,,,Avoid Common Pitfalls While Using AI Tools,Harvard Business School Publishing - Corporate Learning,Limited Eligibility,218,Harvard Business Impact
5577AV,5577AV-VIF-ENG,KAL,1_302v43iq,,,Steps to Reduce Bias When Using AI Tools,Harvard Business School Publishing - Corporate Learning,Limited Eligibility,218,Harvard Business Impact
5578AV,5578AV-VIF-ENG,KAL,1_do25ffox,,,Delight Customers with Personalized Experiences,Harvard Business School Publishing - Corporate Learning,Limited Eligibility,218,Harvard Business Impact
5579AV,5579AV-VIF-ENG,KAL,1_xmcgrgh7,,,Train Your Team to Put Customers First,Harvard Business School Publishing - Corporate Learning,Limited Eligibility,218,Harvard Business Impact
5580AV,5580AV-VIF-ENG,KAL,1_r2dpj0ku,,,Create Good Friction for Customers,Harvard Business School Publishing - Corporate Learning,Limited Eligibility,218,Harvard Business Impact
5581AV,5581AV-VIF-ENG,KAL,1_5n5tncai,,,What's Hidden in Your Data?,Harvard Business School Publishing - Corporate Learning,Limited Eligibility,218,Harvard Business Impact
5582AV,5582AV-VIF-ENG,KAL,1_536nr39b,,,Do You Have a Problem That Defies Easy Solutions?,Harvard Business School Publishing - Corporate Learning,Limited Eligibility,218,Harvard Business Impact
5583AV,5583AV-VIF-ENG,KAL,1_tuhaqmw1,,,When to Use System Thinking,Harvard Business School Publishing - Corporate Learning,Limited Eligibility,218,Harvard Business Impact
5584AV,5584AV-VIF-ENG,KAL,1_pbquqroh,,,Make Changes Stick with Systems Thinking,Harvard Business School Publishing - Corporate Learning,Limited Eligibility,218,Harvard Business Impact
5585AV,5585AV-VIF-ENG,KAL,1_t122zalc,,,"Treat the System, Not the Symptoms",Harvard Business School Publishing - Corporate Learning,Limited Eligibility,218,Harvard Business Impact
5586AV,5586AV-VIF-ENG,KAL,1_c9mcutyx,,,Navigate Uncertainty with Scenario Planning,Harvard Business School Publishing - Corporate Learning,Limited Eligibility,218,Harvard Business Impact
5587AV,5587AV-VIF-ENG,KAL,1_5ir6lg5w,,,Reimagine Processes with Gen AI,Harvard Business School Publishing - Corporate Learning,Limited Eligibility,218,Harvard Business Impact
5588AV,5588AV-VIF-ENG,KAL,1_wpnnxn71,,,Context Setter: What Is Systems Thinking?,Harvard Business School Publishing - Corporate Learning,Limited Eligibility,218,Harvard Business Impact
5589AV,5589AV-VIF-ENG,KAL,1_yfxcrhnb,,,Context Setter: Spot the Dynamics Shaping Your Organization,Harvard Business School Publishing - Corporate Learning,Limited Eligibility,218,Harvard Business Impact
5590AV,5590AV-VIF-ENG,KAL,1_shledikj,,,Context Setter: Look Below the Surface,Harvard Business School Publishing - Corporate Learning,Limited Eligibility,218,Harvard Business Impact
5591AV,5591AV-VIF-ENG,KAL,1_ou3a0wyj,,,Put Systems Thinking into Action,Harvard Business School Publishing - Corporate Learning,Limited Eligibility,218,Harvard Business Impact
5592AV,5592AV-VIF-ENG,KAL,1_34gc31rt,,,Personalization Done Right,Harvard Business School Publishing,Limited Eligibility,218,Harvard Business Impact
HV1000,HV1000-VIF-ENG,BCV,3898048779001,KAL,1_el153754,Making Failure More Productive,Harvard Business School Publishing,Limited Eligibility,218,Harvard Business Impact
HV1001,HV1001-VIF-ENG,BCV,3851189060001,KAL,1_96kh1ncp,How to Integrate Work and Life,Harvard Business School Publishing,Limited Eligibility,218,Harvard Business Impact
HV1003,HV1003-VIF-ENG,BCV,3633937148001,KAL,1_9nc5u6v5,The Explainer: The Balanced Scorecard,Harvard Business School Publishing,Limited Eligibility,218,Harvard Business Impact
HV1005,HV1005-VIF-ENG,KAL,1_ayb3ry4w,,,Rebuilding Trust in the Employer-Employee Relationship,Harvard Business School Publishing,Limited Eligibility,218,Harvard Business Impact
HV1006,HV1006-VIF-ENG,BCV,3775484210001,KAL,1_idmtncp9,The Sweet Spot Between Privacy and Transparency,Harvard Business School Publishing,Limited Eligibility,218,Harvard Business Impact
HV1007,HV1007-VIF-ENG,BCV,3775484211001,KAL,1_jxo1002y,A Simple Framework for Business Model Innovation,Harvard Business School Publishing,Limited Eligibility,218,Harvard Business Impact
HV1008,HV1008-VIF-ENG,BCV,3769919760001,KAL,1_hax44cl3,Managing the Uncertainty of Innovation,Harvard Business School Publishing,Limited Eligibility,218,Harvard Business Impact
HV1016,HV1016-VIF-ENG,BCV,3851189061001,KAL,1_kyp80cev,What Makes a Company a Digital Master?,Harvard Business School Publishing - HBD,Limited Eligibility,218,Harvard Business Review
HV1018,HV1018-VIF-ENG,BCV,3886028345001,KAL,1_rnxftrod,How Digital Connectivity Blurs Industry Lines,Harvard Business School Publishing - HBD,Limited Eligibility,218,Harvard Business Review
HV1019,HV1019-VIF-ENG,BCV,3457279397001,KAL,1_ke0ja6zy,How to Uncover Your Unique Purpose,Harvard Business School Publishing - HBD,Limited Eligibility,218,Harvard Business Review
HV1022,HV1022-VIF-ENG,BCV,3633937151001,KAL,1_mv0gnen6,The Explainer: Big Data and Analytics,Harvard Business School Publishing,Limited Eligibility,218,Harvard Business Impact
HV1027,HV1027-VIF-ENG,BCV,3590615227001,KAL,1_oi5d4n30,The Explainer: Marketing Myopia,Harvard Business School Publishing - HBD,Limited Eligibility,218,Harvard Business Review
HV1029,HV1029-VIF-ENG,BCV,2235569166001,KAL,1_o4b6r87e,Motivate Employees with Recognition,Harvard Business School Publishing - HBD,Limited Eligibility,218,Harvard Business Review
HV1033,HV1033-VIF-ENG,BCV,3590615226001,KAL,1_o0q4nvi2,The Explainer: Porter's Five Forces,Harvard Business School Publishing - HBD,Limited Eligibility,218,Harvard Business Review
HV1034,HV1034-VIF-ENG,BCV,3603876266001,KAL,1_24j04nsm,"Hire for Potential, Not Just Experience",Harvard Business School Publishing - HBD,Limited Eligibility,218,Harvard Business Review
HV1035,HV1035-VIF-ENG,BCV,3472860554001,KAL,1_uy9s10gj,Find Your Purpose and Put It to Work,Harvard Business School Publishing - HBD,Limited Eligibility,218,Harvard Business Review
HV1036,HV1036-VIF-ENG,BCV,3563377840001,KAL,1_71apxydy,Turn Your Idea into Reality,Harvard Business School Publishing - HBD,Limited Eligibility,218,Harvard Business Review
HV1037,HV1037-VIF-ENG,BCV,3541641444001,KAL,1_vru6ytes,Take Control of Your Nonverbal Communication,Harvard Business School Publishing - HBD,Limited Eligibility,218,Harvard Business Review
HV1038,HV1038-VIF-ENG,BCV,3479668068001,KAL,1_06mx2wmf,"To Clarify Your Purpose, Reflect on Your Childhood",Harvard Business School Publishing - HBD,Limited Eligibility,218,Harvard Business Review
HV1041,HV1041-VIF-ENG,BCV,2568059662001,KAL,1_g80coutm,"How Gap, Inc. Innovates",Harvard Business School Publishing - HBD,Limited Eligibility,218,Harvard Business Review
HV1042,HV1042-VIF-ENG,BCV,3203728841001,KAL,1_90uobhb8,Guidelines for Deciding Who's Trustworthy,Harvard Business School Publishing - HBD,Limited Eligibility,218,Harvard Business Review
HV1043,HV1043-VIF-ENG,BCV,3373616535001,KAL,1_a4o8lyvc,Brainswarming: Because Brainstorming Doesn't Work,Harvard Business School Publishing - HBD,Limited Eligibility,218,Harvard Business Review
HV1045,HV1045-VIF-ENG,BCV,3166586126001,KAL,1_q9zugynl,Get Better at Receiving Feedback,Harvard Business School Publishing - HBD,Limited Eligibility,218,Harvard Business Review
HV1046,HV1046-VIF-ENG,BCV,3117535032001,KAL,1_03blwnyo,Enliven Your Work with Mindfulness,Harvard Business School Publishing - HBD,Limited Eligibility,218,Harvard Business Review
HV1047,HV1047-VIF-ENG,BCV,3166586123001,KAL,1_aym6352x,Trustworthy Signals,Harvard Business School Publishing - HBD,Limited Eligibility,218,Harvard Business Review
HV1049,HV1049-VIF-ENG,BCV,3117517467001,KAL,1_y2eujew9,Understand What Your Customers Really Want,Harvard Business School Publishing - HBD,Limited Eligibility,218,Harvard Business Review
HV1050,HV1050-VIF-ENG,BCV,2838341939001,KAL,0_q5edw7bx,Leaders Need Three Kinds of Focus,Harvard Business School Publishing - HBD,Limited Eligibility,218,Harvard Business Review
HV1051,HV1051-VIF-ENG,BCV,2761856636001,KAL,1_10g8u885,How Google Proved Management Matters,Harvard Business School Publishing - HBD,Limited Eligibility,218,Harvard Business Review
HV1052,HV1052-VIF-ENG,BCV,2651952897001,KAL,1_h7pukye1,"The Power of Small, Flexible Teams",Harvard Business School Publishing - HBD,Limited Eligibility,218,Harvard Business Review
HV1053,HV1053-VIF-ENG,KAL,1_u45zk9s0,,,Build Your Emotional Agility,Harvard Business School Publishing - HBD,Limited Eligibility,218,Harvard Business Review
HV1055,HV1055-VIF-ENG,BCV,2688242135001,KAL,1_7sq94w23,The Explainer: Disruptive Innovation,Harvard Business School Publishing - HBD,Limited Eligibility,218,Harvard Business Review
HV1058,HV1058-VIF-ENG,BCV,2670309967001,KAL,1_hrsizloi,Why Leaders Struggle Today,Harvard Business School Publishing - HBD,Limited Eligibility,218,Harvard Business Review
HV1060,HV1060-VIF-ENG,BCV,2515962122001,KAL,1_4hp7zrf6,Leading Like Nelson Mandela,Harvard Business School Publishing - HBD,Limited Eligibility,218,Harvard Business Review
HV1064,HV1064-VIF-ENG,BCV,4013635003001,KAL,1_36fmalf7,Why So Few Managers Understand Their Company's Strategy,Harvard Business School Publishing - HBD,Limited Eligibility,218,Harvard Business Review
HV1068,HV1068-VIF-ENG,BCV,2235561674001,KAL,1_4p6t4ty2,A.G. Lafley on Strategy's Tough Choices,Harvard Business School Publishing - HBD,Limited Eligibility,218,Harvard Business Review
HV1070,HV1070-VIF-ENG,BCV,2363593484001,KAL,0_7lgk4yf5,Sketch Out Your Hypothesis,Harvard Business School Publishing - HBD,Limited Eligibility,218,Harvard Business Review
HV1071,HV1071-VIF-ENG,BCV,2228473584001,KAL,1_2mfxgp4o,"To Develop Talent, You Need a System",Harvard Business School Publishing - HBD,Limited Eligibility,218,Harvard Business Review
HV1073,HV1073-VIF-ENG,BCV,3616188639001,KAL,1_f4ajnzky,How Gender Affects Your Ability to Lead,Harvard Business School Publishing - HBD,Limited Eligibility,218,Harvard Business Review
HV1074,HV1074-VIF-ENG,BCV,4077939481001,KAL,1_d9tvnjon,How Leaders Earn Legitimacy and Trust,Harvard Business School Publishing - HBD,Limited Eligibility,218,Harvard Business Review
HV1079,HV1079-VIF-ENG,BCV,3479668071001,KAL,1_kbzq2svx,Find Your Purpose in Your Most Challenging Experiences,Harvard Business School Publishing - HBD,Limited Eligibility,218,Harvard Business Review
HV1083,HV1083-VIF-ENG,BCV,4220594919001,KAL,1_is9312ua,How Egos Distort the Way We See Each Other,Harvard Business School Publishing - HBD,Limited Eligibility,218,Harvard Business Review
HV1084,HV1084-VIF-ENG,BCV,4232205461001,KAL,1_vhwhg02q,How to Make Better Decisions,Harvard Business School Publishing - HBD,Limited Eligibility,218,Harvard Business Review
HV1091,HV1091-VIF-ENG,BCV,2226612734001,KAL,1_24vss7ex,Managing Values Across Cultures,Harvard Business School Publishing - HBD,Limited Eligibility,218,Harvard Business Review
HV1096,HV1096-VIF-ENG,BCV,2226612736001,KAL,1_6b5jy2lg,How Teddy Bears Can Make Your Company More Ethical,Harvard Business School Publishing - HBD,Limited Eligibility,218,Harvard Business Review
HV1099,HV1099-VIF-ENG,BCV,2226612737001,KAL,1_6o8765g1,The Future of Work 2.0,Harvard Business School Publishing - HBD,Limited Eligibility,218,Harvard Business Review
HV1103,HV1103-VIF-ENG,BCV,2226612848001,KAL,1_98csft4c,Wise Leadership,Harvard Business School Publishing - HBD,Limited Eligibility,218,Harvard Business Review
HV1112,HV1112-VIF-ENG,BCV,2226612738001,KAL,1_8a2xo8tk,Zooming: How Effective Leaders Adjust Their Focus,Harvard Business School Publishing - HBD,Limited Eligibility,218,Harvard Business Review
HV1113,HV1113-VIF-ENG,BCV,2226539841001,KAL,1_frktg2xk,Learn From Failure,Harvard Business School Publishing - HBD,Limited Eligibility,218,Harvard Business Review
HV1114,HV1114-VIF-ENG,BCV,2192249932001,KAL,1_2doxgi5s,The Art of Purposeful Storytelling,Harvard Business School Publishing - HBD,Limited Eligibility,218,Harvard Business Review
HV1118,HV1118-VIF-ENG,KAL,1_d7ynj2uu,,,The Best Way to Play Office Politics,Harvard Business School Publishing - HBD,Limited Eligibility,218,Harvard Business Review
HV1120,HV1120-VIF-ENG,BCV,2226600553001,KAL,1_lhr7swag,The Path to Peak Performance,Harvard Business School Publishing - HBD,Limited Eligibility,218,Harvard Business Review
HV1121,HV1121-VIF-ENG,BCV,2226587622001,KAL,1_21zx2fap,How to Build a Brand Like Corona,Harvard Business School Publishing - HBD,Limited Eligibility,218,Harvard Business Review
HV1122,HV1122-VIF-ENG,BCV,2226595893001,KAL,1_tly7rez6,How to Stress-Test Your Strategy,Harvard Business School Publishing - HBD,Limited Eligibility,218,Harvard Business Review
HV1123,HV1123-VIF-ENG,BCV,2226602174001,KAL,1_oqqwxkvw,Can Introverts Lead?,Harvard Business School Publishing - HBD,Limited Eligibility,218,Harvard Business Review
HV1125,HV1125-VIF-ENG,BCV,2226586962001,KAL,1_wb64tove,"How Companies Can Make Better Decisions, Faster",Harvard Business School Publishing - HBD,Limited Eligibility,218,Harvard Business Review
HV1126,HV1126-VIF-ENG,BCV,2226587629001,KAL,1_7p64joyr,Executing on Innovation,Harvard Business School Publishing - HBD,Limited Eligibility,218,Harvard Business Review
HV1132,HV1132-VIF-ENG,BCV,2226602168001,KAL,1_m0p0cd2i,The Crucial Skill for Tomorrow's Leaders,Harvard Business School Publishing - HBD,Limited Eligibility,218,Harvard Business Impact
HV1135,HV1135-VIF-ENG,BCV,2226612731001,KAL,1_ar6be6op,How Companies Break Into Emerging Markets,Harvard Business School Publishing - HBD,Limited Eligibility,218,Harvard Business Review
HV1136,HV1136-VIF-ENG,BCV,2226417234001,KAL,1_cl1ss16k,How Companies in Emerging Markets Break Out,Harvard Business School Publishing - HBD,Limited Eligibility,218,Harvard Business Review
HV1137,HV1137-VIF-ENG,BCV,2226602166001,KAL,1_lfl5x61n,Workforce of One,Harvard Business School Publishing - HBD,Limited Eligibility,218,Harvard Business Review
HV1138,HV1138-VIF-ENG,BCV,2226595806001,KAL,1_dk7itd49,Executing With Strategic Speed,Harvard Business School Publishing - HBD,Limited Eligibility,218,Harvard Business Review
HV1143,HV1143-VIF-ENG,BCV,2226602173001,KAL,1_nkmh1v9a,Creating a Customer-Centric Business,Harvard Business School Publishing - HBD,Limited Eligibility,218,Harvard Business Review
HV1170,HV1170-VIF-ENG,KAL,1_p7xd9yh0,,,The Importance of Learning in Organizations,Harvard Business School Publishing - HBD,Limited Eligibility,218,Harvard Business Impact
HV1197,HV1197-VIF-ENG,BCV,4277814218001,KAL,1_cznr11oa,What Millennials Around the World Want from Work,Harvard Business School Publishing - HBD,Limited Eligibility,218,Harvard Business Review
HV1198,HV1198-VIF-ENG,BCV,4290317755001,KAL,1_3sgjalhc,Mapping Your Brand's Strategic Sweet Spot,Harvard Business School Publishing - HBD,Limited Eligibility,218,Harvard Business Review
HV1204,HV1204-VIF-ENG,KAL,1_903th25p,,,The Explainer: Emotional Intelligence,Harvard Business School Publishing - HBD,Limited Eligibility,218,Harvard Business Review
HV1205,HV1205-VIF-ENG,BCV,4443548301001,KAL,1_4t35ctn3,The Explainer: Design Thinking,Harvard Business School Publishing - HBD,Limited Eligibility,218,Harvard Business Review
HV1206,HV1206-VIF-ENG,BCV,4443548302001,KAL,1_sf2kb5o0,Where the Digital Economy Is Moving the Fastest,Harvard Business School Publishing - HBD,Limited Eligibility,218,Harvard Business Review
HV1207,HV1207-VIF-ENG,BCV,4457382112001,KAL,1_x3kiztlj,Stop Trying to Fix Your Weaknesses,Harvard Business School Publishing - HBD,Limited Eligibility,218,Harvard Business Review Digital Article
HV1208,HV1208-VIF-ENG,BCV,4457382113001,KAL,1_z9fakov4,The Art of Asking Questions,Harvard Business School Publishing - HBD,Limited Eligibility,218,Harvard Business Review
HV1210,HV1210-VIF-ENG,KAL,1_osqjirmh,,,Innovation Strategy: Timing and Scope,Harvard Business School Publishing - HBD,Limited Eligibility,218,Harvard Business Review
HV1211,HV1211-VIF-ENG,BCV,4471480542001,KAL,1_eohv110q,How to Change People's Perception of You,Harvard Business School Publishing - HBD,Limited Eligibility,218,Harvard Business Review
HV1213,HV1213-VIF-ENG,BCV,2228325668001,KAL,1_s64nuc85,The Challenges of Transitioning to a New Role,Harvard Business School Publishing - HBD,Limited Eligibility,218,Harvard Business Review
HV1218,HV1218-VIF-ENG,BCV,4536855628001,KAL,1_myj2eq19,How to Seize Everyday Negotiation Opportunities,Harvard Business School Publishing - HBD,Limited Eligibility,218,Harvard Business Review
HV1221,HV1221-VIF-ENG,BCV,4569031593001,KAL,1_k5opqamc,Six Simple Rules for Managing Complexity,Harvard Business School Publishing - HBD,Limited Eligibility,218,Harvard Business Review
HV1223,HV1223-VIF-ENG,BCV,4575422880001,KAL,1_v7u8y2cd,How to Ask for What You Want,Harvard Business School Publishing - HBD,Limited Eligibility,218,Harvard Business Review
HV1224,HV1224-VIF-ENG,BCV,4578695106001,KAL,1_k6rb7ysp,Are the Workaholics You Know Just Faking It?,Harvard Business School Publishing - HBD,Limited Eligibility,218,Harvard Business Review
HV1225,HV1225-VIF-ENG,BCV,4584541483001,KAL,1_gt90pk6j,When Your Employees Are Most Likely to Quit,Harvard Business School Publishing - HBD,Limited Eligibility,218,Harvard Business Review
HV1228,HV1228-VIF-ENG,BCV,4602947114001,KAL,1_bsl9v4si,Bring Out Your Team's Creative Potential,Harvard Business School Publishing - HBD,Limited Eligibility,218,Harvard Business Review
HV1229,HV1229-VIF-ENG,BCV,4607465042001,KAL,1_2ja9a8ra,Give Your Team More Negative Feedback,Harvard Business School Publishing - HBD,Limited Eligibility,218,Harvard Business Review
HV1230,HV1230-VIF-ENG,BCV,4611158068001,KAL,1_7cteh8zq,How to Work with People Who Are Hard to Work With,Harvard Business School Publishing - HBD,Limited Eligibility,218,Harvard Business Review
HV1232,HV1232-VIF-ENG,BCV,4623398890001,KAL,1_4i4cf0o7,How to Expand Your Professional Network,Harvard Business School Publishing - HBD,Limited Eligibility,218,Harvard Business Review
HV1233,HV1233-VIF-ENG,KAL,1_p0xn36tn,,,How to Create an Open Organization,Harvard Business School Publishing - HBD,Limited Eligibility,218,Harvard Business Review
HV1234,HV1234-VIF-ENG,BCV,4631884630001,KAL,1_g93oyys0,How to Shake Off a Bad Mood,Harvard Business School Publishing - HBD,Limited Eligibility,218,Harvard Business Review
HV1235,HV1235-VIF-ENG,BCV,4631884629001,KAL,1_1o72f7ro,Getting to Yes Across Cultures,Harvard Business School Publishing - HBD,Limited Eligibility,218,Harvard Business Review
HV1236,HV1236-VIF-ENG,BCV,4642346287001,KAL,1_20n30xdm,3 Steps to Better Presentation Visuals,Harvard Business School Publishing - HBD,Limited Eligibility,218,Harvard Business Review
HV1238,HV1238-VIF-ENG,BCV,4646113016001,KAL,1_f4udl1zm,Turn Cooperation Into Collaboration,Harvard Business School Publishing - HBD,Limited Eligibility,218,Harvard Business Review
HV1239,HV1239-VIF-ENG,BCV,4650021133001,KAL,1_spihu0s3,Controlling Your Emotions During a Negotiation,Harvard Business School Publishing - HBD,Limited Eligibility,218,Harvard Business Review
HV1240,HV1240-VIF-ENG,BCV,4653517227001,KAL,1_ct8zpm5z,Why We Can't See Solutions in Plain Sight,Harvard Business School Publishing - HBD,Limited Eligibility,218,Harvard Business Review
HV1242,HV1242-VIF-ENG,BCV,4660653966001,KAL,1_7xifuyxn,4 Lessons from the Best Family Businesses,Harvard Business School Publishing - HBD,Limited Eligibility,218,Harvard Business Review Digital Article
HV1244,HV1244-VIF-ENG,BCV,4667195957001,KAL,1_a1f24n6y,Get Better at One-on-One Meetings,Harvard Business School Publishing - HBD,Limited Eligibility,218,Harvard Business Review
HV1245,HV1245-VIF-ENG,BCV,4672762766001,KAL,1_ctdb7da4,Identify Your Thinking Style,Harvard Business School Publishing - HBD,Limited Eligibility,218,Harvard Business Review
HV1246,HV1246-VIF-ENG,BCV,4673681123001,KAL,1_vgoq51ed,There's No Such Thing as a Perfect Job,Harvard Business School Publishing - HBD,Limited Eligibility,218,Harvard Business Review Digital Article
HV1247,HV1247-VIF-ENG,BCV,4680128252001,KAL,1_oadwahx7,How Market Share Is Changing Around the World,Harvard Business School Publishing - HBD,Limited Eligibility,218,Harvard Business Review
HV1248,HV1248-VIF-ENG,BCV,4681126964001,KAL,1_1q6kwtrg,Break Your Big Goals into Small Steps,Harvard Business School Publishing - HBD,Limited Eligibility,218,Harvard Business Review
HV1250,HV1250-VIF-ENG,BCV,4691643989001,KAL,1_1v8edmhz,What to Do Before Ending Any Meeting,Harvard Business School Publishing - HBD,Limited Eligibility,218,Harvard Business Review
HV1251,HV1251-VIF-ENG,BCV,4701966304001,KAL,1_um8hmbqf,What Really Influences Employee Motivation,Harvard Business School Publishing - HBD,Limited Eligibility,218,Harvard Business Review
HV1252,HV1252-VIF-ENG,BCV,4706418853001,KAL,1_355ukb9x,Counteract Secondhand Stress,Harvard Business School Publishing - HBD,Limited Eligibility,218,Harvard Business Review
HV1253,HV1253-VIF-ENG,BCV,4698519638001,KAL,1_ups8oa2r,Why Certain Things Go Viral,Harvard Business School Publishing - HBD,Limited Eligibility,218,Harvard Business Review
HV1254,HV1254-VIF-ENG,BCV,4616186008001,KAL,1_c7eenpg5,How to Be an Effective Negotiator,Harvard Business School Publishing - HBD,Limited Eligibility,218,Harvard Business Review
HV1255,HV1255-VIF-ENG,BCV,4711696145001,KAL,1_iqxqi338,The Post-Hierarchical Organization,Harvard Business School Publishing - HBD,Limited Eligibility,218,Harvard Business Review
HV1256,HV1256-VIF-ENG,BCV,4715266385001,KAL,1_g6wv219v,The 8 Types of Salespeople,Harvard Business School Publishing - HBD,Limited Eligibility,218,Harvard Business Review Digital Article
HV1257,HV1257-VIF-ENG,BCV,4716647008001,KAL,1_tli4cdkh,Working Well with Your Boss When You Work Remotely,Harvard Business School Publishing - HBD,Limited Eligibility,218,Harvard Business Review
HV1258,HV1258-VIF-ENG,BCV,4724079906001,KAL,1_j0ao7sel,What Matters More than Customer Satisfaction,Harvard Business School Publishing - HBD,Limited Eligibility,218,Harvard Business Review
HV1260,HV1260-VIF-ENG,BCV,4739293803001,KAL,1_errwnfni,It's OK to Ask for Help,Harvard Business School Publishing - HBD,Limited Eligibility,218,Harvard Business Review
HV1261,HV1261-VIF-ENG,BCV,4748457569001,KAL,1_dt512ywz,The Strategy Trap Successful Companies Fall Into,Harvard Business School Publishing - HBD,Limited Eligibility,218,Harvard Business Review
HV1262,HV1262-VIF-ENG,BCV,4752631617001,KAL,1_bvucnxog,Defeating the Midday Slump,Harvard Business School Publishing - HBD,Limited Eligibility,218,Harvard Business Review
HV1263,HV1263-VIF-ENG,BCV,4762338922001,KAL,1_xelj8yhw,Good Leadership Is Contagious,Harvard Business School Publishing - HBD,Limited Eligibility,218,Harvard Business Review
HV1264,HV1264-VIF-ENG,BCV,4764440708001,KAL,1_p640ke5u,Turn a Good Idea into Reality,Harvard Business School Publishing - HBD,Limited Eligibility,218,Harvard Business Review
HV1265,HV1265-VIF-ENG,BCV,4767335516001,KAL,1_b8oh5p4z,What It Takes to Be a Superboss,Harvard Business School Publishing - HBD,Limited Eligibility,218,Harvard Business Review
HV1267,HV1267-VIF-ENG,KAL,1_aow62rkb,,,Negotiating Across Cultures,Harvard Business School Publishing - HBD,Limited Eligibility,218,Harvard Business Impact
HV1268,HV1268-VIF-ENG,BCV,4772103338001,KAL,1_nltafvz0,Get the Feedback You Need to Grow,Harvard Business School Publishing - HBD,Limited Eligibility,218,Harvard Business Review
HV1270,HV1270-VIF-ENG,BCV,4793534579001,KAL,1_evviscuk,How Confidence and Willingness to Change Are Related,Harvard Business School Publishing - HBD,Limited Eligibility,218,Harvard Business Review
HV1271,HV1271-VIF-ENG,BCV,4794151039001,KAL,1_0frr8z77,Find Growth Opportunities at the Edge of Your Strategy,Harvard Business School Publishing - HBD,Limited Eligibility,218,Harvard Business Review
HV1272,HV1272-VIF-ENG,BCV,4803762336001,KAL,1_e7o6jxbr,The Upside of Automating Part of Your Job,Harvard Business School Publishing - HBD,Limited Eligibility,218,Harvard Business Review
HV1273,HV1273-VIF-ENG,BCV,4805930087001,KAL,1_yphjr07l,How to Disagree with Your Boss,Harvard Business School Publishing - HBD,Limited Eligibility,218,Harvard Business Review
HV1280,HV1280-VIF-ENG,BCV,4836078338001,KAL,1_aj3tomn3,Why Your Late Twenties Feel So Stressful,Harvard Business School Publishing - HBD,Limited Eligibility,218,Harvard Business Review
HV1282,HV1282-VIF-ENG,BCV,4846148015001,KAL,1_66ogbggs,A Quick Introduction to Agile Management,Harvard Business School Publishing - HBD,Limited Eligibility,218,Harvard Business Review
HV1283,HV1283-VIF-ENG,BCV,4865860484001,KAL,1_0end5pme,"What Leadership Requires, According to Global Leaders",Harvard Business School Publishing - HBD,Limited Eligibility,218,Harvard Business Review
HV1284,HV1284-VIF-ENG,KAL,1_urefub72,,,"To Innovate, You Have to Manage the Past, Present, and Future",Harvard Business School Publishing - HBD,Limited Eligibility,218,Harvard Business Review
HV1285,HV1285-VIF-ENG,BCV,4878016835001,KAL,1_mh6jmtyu,How Digital Is Your Industry?,Harvard Business School Publishing - HBD,Limited Eligibility,218,Harvard Business Review
HV1286,HV1286-VIF-ENG,BCV,4888683695001,KAL,1_80k6c849,The Explainer: Level 5 Leadership,Harvard Business School Publishing - HBD,Limited Eligibility,218,Harvard Business Review
HV1287,HV1287-VIF-ENG,BCV,4901986396001,KAL,0_djizqn9e,Designing Persuasive Charts,Harvard Business School Publishing - HBD,Limited Eligibility,218,Harvard Business Review Digital Article
HV1288,HV1288-VIF-ENG,BCV,4904043840001,KAL,0_s58jd813,The Elements of Uncomfortable Work Conversations,Harvard Business School Publishing - HBD,Limited Eligibility,218,Harvard Business Review
HV1290,HV1290-VIF-ENG,BCV,4926046906001,KAL,1_xqims1p5,When Stress Helps You Get More Done,Harvard Business School Publishing - HBD,Limited Eligibility,218,Harvard Business Review
HV1291,HV1291-VIF-ENG,BCV,4932858078001,KAL,1_68cytwi4,Can You Entrust That Decision to a Robot?,Harvard Business School Publishing - HBD,Limited Eligibility,218,Harvard Business Review
HV1292,HV1292-VIF-ENG,BCV,4943086602001,KAL,1_a7tm23fj,What Your Company Needs to Go Global,Harvard Business School Publishing - HBD,Limited Eligibility,218,Harvard Business Review
HV1296,HV1296-VIF-ENG,BCV,5012643403001,KAL,1_sb0o8vrv,The Explainer: Reverse Innovation,Harvard Business School Publishing - HBD,Limited Eligibility,218,Harvard Business Review
HV1298,HV1298-VIF-ENG,KAL,1_or7mold2,,,"Like It or Not, More Employees Are Using Their Own Devices",Harvard Business School Publishing - HBD,Limited Eligibility,218,Harvard Business Review
HV1300,HV1300-VIF-ENG,BCV,5072479512001,KAL,1_1qgnaptd,The Explainer: What Is a Business Model?,Harvard Business School Publishing - HBD,Limited Eligibility,218,Harvard Business Review
HV1306,HV1306-VIF-ENG,KAL,1_fe0x2hox,,,Reinventing Performance Management,Harvard Business School Publishing - HBD,Limited Eligibility,218,Harvard Business Review
HV1309,HV1309-VIF-ENG,KAL,1_s5hjsqqx,,,The Explainer: Core Competence,Harvard Business School Publishing - HBD,Limited Eligibility,218,Harvard Business Review
HV1310,HV1310-VIF-ENG,KAL,1_hp8e53lj,,,Why Strategy Execution Unravels--and What to Do About It,Harvard Business School Publishing - HBD,Limited Eligibility,218,Harvard Business Review
HV1311,HV1311-VIF-ENG,KAL,1_g05f1ri6,,,"Even After Criticism, Men Think Highly of Themselves",Harvard Business School Publishing - HBD,Limited Eligibility,218,Harvard Business Review
HV1312,HV1312-VIF-ENG,KAL,1_59br0p2k,,,Why Better Technology Can Be Slower to Take Off,Harvard Business School Publishing - HBD,Limited Eligibility,218,Harvard Business Review
HV1313,HV1313-VIF-ENG,KAL,1_vhcuu57q,,,Make Time for the Work That Matters,Harvard Business School Publishing - HBD,Limited Eligibility,218,Harvard Business Review
HV1314,HV1314-VIF-ENG,KAL,1_m2ap2vc8,,,Whiteboard Session: What Is an Emerging Market?,Harvard Business School Publishing - HBD,Limited Eligibility,218,Harvard Business Review
HV1315,HV1315-VIF-ENG,KAL,1_po68ygby,,,Managers Are Wasting Time and Money on People Problems,Harvard Business School Publishing - HBD,Limited Eligibility,218,Harvard Business Review
HV1318,HV1318-VIF-ENG,KAL,1_cp5dbyel,,,A 2x2 Matrix Explains Good vs. Great Leadership,Harvard Business School Publishing - HBD,Limited Eligibility,218,Harvard Business Review
HV1320,HV1320-VIF-ENG,KAL,1_g2yi6hx6,,,Lack of Information Stokes Globalization Anxiety,Harvard Business School Publishing - HBD,Limited Eligibility,218,Harvard Business Review
HV1321,HV1321-VIF-ENG,KAL,1_slgouzaz,,,"In the Digital Age, Physical Assets Are a Burden",Harvard Business School Publishing - HBD,Limited Eligibility,218,Harvard Business Review
HV1322,HV1322-VIF-ENG,KAL,1_psw7btzu,,,What Makes a Leader?,Harvard Business School Publishing - HBD,Limited Eligibility,218,Harvard Business Review
HV1323,HV1323-VIF-ENG,KAL,1_zui6uph3,,,A.I. Could Liberate 50% of Managers' Time,Harvard Business School Publishing - HBD,Limited Eligibility,218,Harvard Business Review
HV1325,HV1325-VIF-ENG,KAL,1_uxx0f5jy,,,What People Really Want from Customer Service,Harvard Business School Publishing - HBD,Limited Eligibility,218,Harvard Business Review
HV1326,HV1326-VIF-ENG,KAL,1_mrfm2946,,,Why Aren't More Companies Using Renewable Energy?,Harvard Business School Publishing - HBD,Limited Eligibility,218,Harvard Business Review
HV1327,HV1327-VIF-ENG,KAL,1_p5i15gsy,,,Whiteboard Session: The Ingredients of Great Leadership,Harvard Business School Publishing - HBD,Limited Eligibility,218,Harvard Business Review
HV1328,HV1328-VIF-ENG,KAL,1_b10nsie0,,,The Explainer: Blue Ocean Strategy,Harvard Business School Publishing - HBD,Limited Eligibility,218,Harvard Business Review
HV1329,HV1329-VIF-ENG,KAL,1_6g7n0hii,,,Whiteboard Session: 5 Questions to Help You Make Tough Decisions,Harvard Business School Publishing - HBD,Limited Eligibility,218,Harvard Business Review
HV1330,HV1330-VIF-ENG,KAL,1_goaa2zn5,,,The Refresher: Regression Analysis,Harvard Business School Publishing - HBD,Limited Eligibility,218,Harvard Business Review
HV1332,HV1332-VIF-ENG,KAL,1_c8ycyp4h,,,The Benefits Employees Want Don't Always Cost a Lot,Harvard Business School Publishing - HBD,Limited Eligibility,218,Harvard Business Review
HV1333,HV1333-VIF-ENG,BCV,5369743863001,KAL,1_dxenpmvk,The Refresher: Net Present Value,Harvard Business School Publishing - HBD,Limited Eligibility,218,Harvard Business Review Digital Article
HV1334,HV1334-VIF-ENG,KAL,1_4phzvxj1,,,How and When Selflessness at Work Backfires,Harvard Business School Publishing - HBD,Limited Eligibility,218,Harvard Business Review
HV1335,HV1335-VIF-ENG,KAL,1_wjpv0dfv,,,Whiteboard Session: 5 Principles for Innovation in Emerging Markets,Harvard Business School Publishing - HBD,Limited Eligibility,218,Harvard Business Review
HV1336,HV1336-VIF-ENG,KAL,1_twvzv2yu,,,Rethinking Some Assumptions About Global Business,Harvard Business School Publishing - HBD,Limited Eligibility,218,Harvard Business Review Digital Article
HV1337,HV1337-VIF-ENG,KAL,1_wa82r0em,,,Whiteboard Session: The Business Case for Sustainability,Harvard Business School Publishing - HBD,Limited Eligibility,218,Harvard Business Review Digital Article
HV1338,HV1338-VIF-ENG,KAL,1_jmn7wctx,,,The Explainer: How to Write a Great Business Plan,Harvard Business School Publishing - HBD,Limited Eligibility,218,Harvard Business Review Digital Article
HV1339,HV1339-VIF-ENG,KAL,1_x79ic3eu,,,"The Other Kind of Inequality, Explained",Harvard Business School Publishing - HBD,Limited Eligibility,218,Harvard Business Review
HV1340,HV1340-VIF-ENG,BCV,5335748697001,KAL,1_06d5gxbg,What Great Managers Do,Harvard Business School Publishing - HBD,Limited Eligibility,218,Harvard Business Review
HV1341,HV1341-VIF-ENG,KAL,1_6izerx8z,,,How Managers Become Leaders,Harvard Business School Publishing - HBD,Limited Eligibility,218,Harvard Business Review Digital Article
HV1342,HV1342-VIF-ENG,KAL,1_lkxnfmb9,,,Boards Neglect Cybersecurity at Their Companies' Peril,Harvard Business School Publishing - HBD,Limited Eligibility,218,Harvard Business Review
HV1343,HV1343-VIF-ENG,KAL,1_bcohy4fv,,,The Explainer: Hidden Traps in Decision-Making,Harvard Business School Publishing - HBD,Limited Eligibility,218,Harvard Business Review
HV1344,HV1344-VIF-ENG,KAL,1_hrnrmf2w,,,3 Ways Drones Are Changing Telecom,Harvard Business School Publishing - HBD,Limited Eligibility,218,Harvard Business Review
HV1345,HV1345-VIF-ENG,KAL,1_y9km3vok,,,Sky Robot,Harvard Business School Publishing - HBD,Limited Eligibility,218,Harvard Business Review
HV1346,HV1346-VIF-ENG,KAL,1_9hsi13xl,,,"On Resumes, an Upper-Class Background Benefits Men but Not Women",Harvard Business School Publishing - HBD,Limited Eligibility,218,Harvard Business Review Digital Article
HV1347,HV1347-VIF-ENG,KAL,1_yu3i02k2,,,Whiteboard Session: Bringing the Best Business Ideas to Healthcare,Harvard Business School Publishing - HBD,Limited Eligibility,218,Harvard Business Review
HV1348,HV1348-VIF-ENG,KAL,1_7rdsl6p8,,,The Explainer: Managing Multicultural Teams,Harvard Business School Publishing - HBD,Limited Eligibility,218,Harvard Business Review
HV1349,HV1349-VIF-ENG,KAL,1_azn9v0s8,,,How Cultures Across the World Approach Leadership,Harvard Business School Publishing - HBD,Limited Eligibility,218,Harvard Business Review
HV1350,HV1350-VIF-ENG,KAL,1_u9vuj3tc,,,"The Explainer: One More Time, How Do You Motivate Employees?",Harvard Business School Publishing - HBD,Limited Eligibility,218,Harvard Business Review
HV1351,HV1351-VIF-ENG,KAL,1_uo76ey4a,,,"Be a Better Leader, Have a Richer Life",Harvard Business School Publishing - HBD,Limited Eligibility,218,Harvard Business Review
HV1352,HV1352-VIF-ENG,KAL,1_tubf2h7i,,,Whiteboard Session: Manage the Workload of Being a Leader,Harvard Business School Publishing - HBD,Limited Eligibility,218,Harvard Business Review
HV1353,HV1353-VIF-ENG,KAL,1_p38g34rq,,,Lessons from America's Golden Age of Innovation,Harvard Business School Publishing - HBD,Limited Eligibility,218,Harvard Business Review
HV1354,HV1354-VIF-ENG,BCV,5527816648001,KAL,1_rvswhpl5,Whiteboard Session: How to Get Up to Speed in Your New Leadership Role,Harvard Business School Publishing - HBD,Limited Eligibility,218,Harvard Business Review Digital Article
HV1355,HV1355-VIF-ENG,KAL,1_2cqkolkq,,,Where Workers Are the Happiest,Harvard Business School Publishing - HBD,Limited Eligibility,218,Harvard Business Review
HV1356,HV1356-VIF-ENG,BCV,5542728022001,KAL,1_73vnia67,Whiteboard Session: Clashing with a Coworker? Here's What to Do,Harvard Business School Publishing - HBD,Limited Eligibility,218,Harvard Business Review Digital Article
HV1357,HV1357-VIF-ENG,KAL,1_8atnwhb0,,,Research Shows Good Management Is Incredibly Hard to Copy,Harvard Business School Publishing - HBD,Limited Eligibility,218,Harvard Business Review
HV1358,HV1358-VIF-ENG,KAL,1_cffhl8pa,,,The Set-Up-To-Fail Syndrome,Harvard Business School Publishing - HBD,Limited Eligibility,218,Harvard Business Review
HV1359,HV1359-VIF-ENG,BCV,5566537368001,KAL,1_ambz0vua,The Explainer: How Management Teams Can Have a Good Fight,Harvard Business School Publishing - HBD,Limited Eligibility,218,Harvard Business Review Digital Article
HV1360,HV1360-VIF-ENG,KAL,1_6yeev0qi,,,Cognitive Diversity Helps Teams Solve Problems Faster,Harvard Business School Publishing - HBD,Limited Eligibility,218,Harvard Business Review
HV1361,HV1361-VIF-ENG,KAL,1_rpj94ww1,,,Whiteboard Session: How Does Blockchain Work?,Harvard Business School Publishing - HBD,Limited Eligibility,218,Harvard Business Review
HV1362,HV1362-VIF-ENG,KAL,1_6rt08kps,,,Whiteboard Session: How to Think Like an Entrepreneur,Harvard Business School Publishing - HBD,Limited Eligibility,218,Harvard Business Review
HV1363,HV1363-VIF-ENG,KAL,1_sxmxbp53,,,"Whiteboard Session: Africa, China, and the Future of Manufacturing",Harvard Business School Publishing - HBD,Limited Eligibility,218,Harvard Business Review
HV1364,HV1364-VIF-ENG,KAL,1_0b6y0ggu,,,21st-Century Talent Spotting,Harvard Business School Publishing - HBD,Limited Eligibility,218,Harvard Business Review
HV1365,HV1365-VIF-ENG,BCV,5677781698001,KAL,1_89tpi900,Whiteboard Session: Getting Past Either-Or Decision Making,Harvard Business School Publishing - HBD,Limited Eligibility,218,Harvard Business Review
HV1366,HV1366-VIF-ENG,BCV,5686668254001,KAL,1_e7w8jc9b,The 8 Types of Company Culture,Harvard Business School Publishing - HBD,Limited Eligibility,218,Harvard Business Review
HV1367,HV1367-VIF-ENG,BCV,5701288961001,KAL,1_l5ay0712,Whiteboard Session: The 3 Myths of Collaboration,Harvard Business School Publishing - HBD,Limited Eligibility,218,Harvard Business Review
HV1368,HV1368-VIF-ENG,KAL,1_3o2276hf,,,Why the Lean Start-Up Changes Everything,Harvard Business School Publishing - HBD,Limited Eligibility,218,Harvard Business Review
HV1369,HV1369-VIF-ENG,BCV,5718782723001,KAL,1_q7hd5w81,Whiteboard Session: How Traditional Business Metrics Are Outdated,Harvard Business School Publishing - HBD,Limited Eligibility,218,Harvard Business Review
HV1370,HV1370-VIF-ENG,KAL,1_0mxrlwu8,,,CEO Pay Is Even More Outrageous Than It Seems,Harvard Business School Publishing - HBD,Limited Eligibility,218,Harvard Business Review
HV1371,HV1371-VIF-ENG,BCV,5733892615001,KAL,1_8ibcxa1w,Whiteboard Session: This Is Your Brain on Mindfulness,Harvard Business School Publishing - HBD,Limited Eligibility,218,Harvard Business Review
HV1371,HV1371-AVO-ENG,BCV,5733892615001,KAL,1_8ibcxa1w,Whiteboard Session: This Is Your Brain on Mindfulness,Harvard Business School Publishing - HBD,Limited Eligibility,218,Harvard Business Review
HV1372,HV1372-VIF-ENG,BCV,5747100940001,KAL,1_ql5f78dm,Whiteboard Session: 4 Things Successful Executives Do Differently,Harvard Business School Publishing - HBD,Limited Eligibility,218,Harvard Business Review
HV1373,HV1373-VIF-ENG,KAL,1_rpxut61m,,,The Authenticity Paradox,Harvard Business School Publishing - HBD,Limited Eligibility,218,Harvard Business Review
HV1374,HV1374-VIF-ENG,KAL,1_j084lgei,,,Whiteboard Session: The Problem of Loneliness at Work,Harvard Business School Publishing - HBD,Limited Eligibility,218,Harvard Business Review
HV1375,HV1375-VIF-ENG,KAL,1_8j8887ij,,,The Explainer: How to Negotiate Nicely Without Being a Pushover,Harvard Business School Publishing - HBD,Limited Eligibility,218,Harvard Business Review
HV1376,HV1376-VIF-ENG,KAL,1_yf4y3slw,,,11 Personality Traits That Can Limit Your Career,Harvard Business School Publishing - HBD,Limited Eligibility,218,Harvard Business Review
HV1377,HV1377-VIF-ENG,KAL,1_dwmvy63q,,,Whiteboard Session: Every Business is a Software Business,Harvard Business School Publishing - HBD,Limited Eligibility,218,Harvard Business Review
HV1378,HV1378-VIF-ENG,KAL,1_mpye87i4,,,Whiteboard Session: Why Every Organization Needs an AR Strategy,Harvard Business School Publishing - HBD,Limited Eligibility,218,Harvard Business Review
HV1379,HV1379-VIF-ENG,KAL,1_2q1f6ihu,,,The Explainer: How to Collaborate Effectively If Your Team Is Remote,Harvard Business School Publishing - HBD,Limited Eligibility,218,Harvard Business Review
HV1380,HV1380-VIF-ENG,KAL,1_mfu22wis,,,The New Science of Customer Emotions,Harvard Business School Publishing - HBD,Limited Eligibility,218,Harvard Business Review
HV1381,HV1381-VIF-ENG,KAL,1_mkz4wnp6,,,Whiteboard Session: How to Work Successfully Across Borders,Harvard Business School Publishing - HBD,Limited Eligibility,218,Harvard Business Review
HV1382,HV1382-VIF-ENG,KAL,0_j1blvr91,,,The Explainer: Balancing Two Types of Company Performance,Harvard Business School Publishing - HBD,Limited Eligibility,218,Harvard Business Review
HV1383,HV1383-VIF-ENG,KAL,1_p0ipxmss,,,Know Your Customers' Jobs to Be Done,Harvard Business School Publishing - HBD,Limited Eligibility,218,Harvard Business Review
HV1384,HV1384-VIF-ENG,KAL,1_9vcc9eca,,,How to Actually Work...When You're Working from Home,Harvard Business School Publishing - HBD,Limited Eligibility,218,Harvard Business Review
HV1386,HV1386-VIF-ENG,KAL,1_fkcxy8dq,,,Storytelling With Data: A Good Charts Workbook Tool,Harvard Business School Publishing - HBD,Limited Eligibility,218,Harvard Business Review
HV1387,HV1387-VIF-ENG,KAL,1_zeh7q25o,,,How to Throw a Fun Virtual Work Party,Harvard Business School Publishing - HBD,Limited Eligibility,218,Harvard Business Review
HV1388,HV1388-VIF-ENG,KAL,1_c9mvaezg,,,"What Does ""Just Be Yourself"" Really Look Like at Work?",Harvard Business School Publishing - HBD,Limited Eligibility,218,Harvard Business Review
HV1389,HV1389-VIF-ENG,KAL,1_1ww4ph0f,,,How to Be Ready in Case of a Layoff,Harvard Business School Publishing - HBD,Limited Eligibility,218,Harvard Business Review
HV1390,HV1390-VIF-ENG,KAL,1_zn1jyd3s,,,How to Really Use LinkedIn,Harvard Business School Publishing - HBD,Limited Eligibility,218,Harvard Business Review
HV1391,HV1391-VIF-ENG,KAL,1_fh1avgu6,,,Saying No at Work,Harvard Business School Publishing - HBD,Limited Eligibility,218,Harvard Business Review
HV1392,HV1392-VIF-ENG,KAL,1_sibzadmz,,,How to Make Virtual Meetings Feel More Real,Harvard Business School Publishing - HBD,Limited Eligibility,218,Harvard Business Review
HV1393,HV1393-VIF-ENG,KAL,1_1ldj5fiv,,,I Tried Three Popular Productivity Methods and This is What I Learned,Harvard Business School Publishing - HBD,Limited Eligibility,218,Harvard Business Review
HV1394,HV1394-VIF-ENG,KAL,1_dfq3dk59,,,How to Speak Up in Meetings,Harvard Business School Publishing - HBD,Limited Eligibility,218,Harvard Business Review
HV1395,HV1395-VIF-ENG,KAL,1_hhpn5sxp,,,"How to Answer the Question, ""Tell Me About Yourself""",Harvard Business School Publishing - HBD,Limited Eligibility,218,Harvard Business Review
HV1396,HV1396-VIF-ENG,KAL,1_dai01bat,,,How to be Less Lonely at Work,Harvard Business School Publishing - HBD,Limited Eligibility,218,Harvard Business Impact
HV1397,HV1397-VIF-ENG,KAL,1_skxf7la3,,,Solving Big Problems Through Stakeholder Capitalism,Harvard Business School Publishing - HBD,Limited Eligibility,218,Harvard Business Impact
HV1398,HV1398-VIF-ENG,KAL,1_tgti3qp5,,,The Good Jobs Scorecard,Harvard Business School Publishing - HBD,Limited Eligibility,218,Harvard Business Impact
HV1399,HV1399-VIF-ENG,KAL,1_60tycbtp,,,The Most Engaged Employee in the World,Harvard Business School Publishing - HBD,Limited Eligibility,218,Harvard Business Impact
HV1400,HV1400-VIF-ENG,KAL,1_ev89r6mp,Atom id,"tag:blogs.harvardbusiness.org,2007-03-31:999.270753",Becoming Forever Employable,Harvard Business School Publishing,Limited Eligibility,218,Harvard Business Impact
HV1404,HV1404-VIF-ENG,KAL,1_jmjcwk6s,Atom id,"tag:hbr.org,1922-01-01:202007.264214-R2004H",Make the Most of Relocating: Maximizing Your Move,Harvard Business School Publishing,Limited Eligibility,218,Harvard Business Impact
HV1405,HV1405-VIF-ENG,KAL,1_gq2iypo5,Atom id,"tag:hbr.org,1922-01-01:202007.264214-R2004H",Make the Most of Relocating: The Costs,Harvard Business School Publishing,Limited Eligibility,218,Harvard Business Impact
HV1406,HV1406-VIF-ENG,KAL,1_e7ekgahl,Atom id,"tag:hbr.org,1922-01-01:202007.264214-R2004H",Make the Most of Relocating: The Benefits,Harvard Business School Publishing,Limited Eligibility,218,Harvard Business Impact
HV1407,HV1407-VIF-ENG,KAL,1_i5hu7ent,,,How To Thrive When Everything Feels Terrible,Harvard Business School Publishing,Limited Eligibility,218,Harvard Business Impact
HV1409,HV1409-VIF-ENG,KAL,1_r1rxksuc,,,How To Give a Killer Presentation,Harvard Business School Publishing,Limited Eligibility,218,Harvard Business Impact
HV1410,HV1410-VIF-ENG,KAL,1_ij6jy9mk,,,Good Feedback Is A Two-Way Conversation,Harvard Business School Publishing,Limited Eligibility,218,Harvard Business Impact
HV1411,HV1411-VIF-ENG,KAL,1_m3mtr8jf,,,This Two-Minute Morning Practice Will Make Your Day Better,Harvard Business School Publishing,Limited Eligibility,218,Harvard Business Impact
HV1412,HV1412-VIF-ENG,KAL,1_6t12609s,,,How to Disagree with Someone More Powerful than You,Harvard Business School Publishing,Limited Eligibility,218,Harvard Business Impact
HV1413,HV1413-VIF-ENG,KAL,1_4z78bdjm,,,Digital Transformation Comes Down to Talent in 4 Key Areas,Harvard Business School Publishing,Limited Eligibility,218,Harvard Business Impact
HV1414,HV1414-VIF-ENG,KAL,1_nt3h2n4x,,,The Era of Antisocial Social Media,Harvard Business School Publishing,Limited Eligibility,218,Harvard Business Impact
HV1415,HV1415-VIF-ENG,KAL,1_n6pthdge,,,3 Ways to Make Your Writing Clearer,Harvard Business School Publishing,Limited Eligibility,218,Harvard Business Impact
HV1416,HV1416-VIF-ENG,KAL,1_x7oqymsi,,,Don't Underestimate the Power of a Walk,Harvard Business School Publishing,Limited Eligibility,218,Harvard Business Impact
HV1417,HV1417-VIF-ENG,KAL,1_ojm9pomz,,,How Women Can Get What They Want in a Negotiation,Harvard Business School Publishing,Limited Eligibility,218,Harvard Business Impact
HV1418,HV1418-VIF-ENG,KAL,1_b7gs7tpb,,,10 Steps to Creating a Data-Driven Culture,Harvard Business School Publishing,Limited Eligibility,218,Harvard Business Impact
HV1419,HV1419-VIF-ENG,KAL,1_4u5m1lr8,,,"How to Speak Up in a Meeting, and When to Hold Back",Harvard Business School Publishing,Limited Eligibility,218,Harvard Business Impact
HV1420,HV1420-VIF-ENG,KAL,1_l1oqknij,,,Good Leadership is About Asking Good Questions,Harvard Business School Publishing,Limited Eligibility,218,Harvard Business Impact
HV1421,HV1421-VIF-ENG,KAL,1_ne6jnor0,,,What Great Listeners Actually Do,Harvard Business School Publishing,Limited Eligibility,218,Harvard Business Impact
HV1422,HV1422-VIF-ENG,KAL,1_igwz8ukt,,,Don't Let Perfection Be the Enemy of Productivity,Harvard Business School Publishing,Limited Eligibility,218,Harvard Business Impact
HV1432,HV1432-VIF-ENG,KAL,1_ulyleprw,,,"During Covid-19 Crisis, Leaders Must Resist Urge to Push Too Hard, Too Fast",Harvard Business School Publishing - HBD,Limited Eligibility,218,Harvard Business Review
HV1435,HV1435-VIF-ENG,KAL,1_8osv7sfw,,,How Apple Is Organized for Innovation: Leadership at Scale,Harvard Business School Publishing - HBD,Limited Eligibility,218,Harvard Business Review
HV1436,HV1436-VIF-ENG,KAL,1_7t66nnrq,,,How Apple Is Organized for Innovation: The Leadership Model,Harvard Business School Publishing - HBD,Limited Eligibility,218,Harvard Business Review
HV1437,HV1437-VIF-ENG,KAL,1_bg7kv4k1,,,The Covid-19 Pandemic is Forcing Companies to Build AI Skills Quickly,Harvard Business School Publishing - HBD,Limited Eligibility,218,Harvard Business Review
HV1445,HV1445-VIF-ENG,KAL,1_3iysfppb,,,Quick Study: How to Stop Promoting Incompetent Men,Harvard Business School Publishing - HBD,Limited Eligibility,218,Harvard Business Review
HV1447,HV1447-VIF-ENG,KAL,1_wxcanv30,,,Quick Study: How to Fire with Compassion,Harvard Business School Publishing - HBD,Limited Eligibility,218,Harvard Business Review
HV1448,HV1448-VIF-ENG,KAL,1_btdphyeu,,,"Quick Study: How and When to Disrupt Your Career, and Yourself",Harvard Business School Publishing - HBD,Limited Eligibility,218,Harvard Business Review
HV1451,HV1451-VIF-ENG,KAL,1_8zku1g35,,,Quick Study: Stopping Yourself from Acting On Bad Impulses,Harvard Business School Publishing - HBD,Limited Eligibility,218,Harvard Business Review
HV1452,HV1452-VIF-ENG,KAL,1_rwaihuju,,,Quick Study: How to Make It as a Power Couple,Harvard Business School Publishing - HBD,Limited Eligibility,218,Harvard Business Review
HV1453,HV1453-VIF-ENG,KAL,1_fpyex2ee,,,When Will We Reach Gender Equality?,Harvard Business School Publishing - HBD,Limited Eligibility,218,Harvard Business Review
HV1454,HV1454-VIF-ENG,KAL,1_lt9t1cuz,,,The Explainer: How to Be a Disruptor,Harvard Business School Publishing - HBD,Limited Eligibility,218,Harvard Business Review
HV1455,HV1455-VIF-ENG,KAL,1_pckwi1p2,,,How Does Marvel Studios Balance Continuity and Renewal?,Harvard Business School Publishing - HBD,Limited Eligibility,218,Harvard Business Review
HV1456,HV1456-VIF-ENG,KAL,1_ufxds7o4,,,Using Improv to Unite Your Team,Harvard Business School Publishing - HBD,Limited Eligibility,218,Harvard Business Review
HV1460,HV1460-VIF-ENG,KAL,1_1qwfsf3z,,,Expanding the Pool of Job Candidates,Harvard Business School Publishing - HBD,Limited Eligibility,218,Harvard Business Review
HV1462,HV1462-VIF-ENG,KAL,1_hxj6wmn2,,,Wrong Thinking: Solve Problems in New Ways,Harvard Business School Publishing - HBD,Limited Eligibility,218,Harvard Business Review
HV1463,HV1463-VIF-ENG,KAL,1_nmxzvksn,,,Behind the Story: Kieran Setiya on Philosophy and His Own Mid-Career Crisis,Harvard Business School Publishing - HBD,Limited Eligibility,218,Harvard Business Review
HV1464,HV1464-VIF-ENG,KAL,1_ft7f2n01,,,Facing Your Mid-Career Crisis,Harvard Business School Publishing - HBD,Limited Eligibility,218,Harvard Business Review
HV1467,HV1467-VIF-ENG,KAL,1_s9xwvng1,,,The Big Idea: What's the dollar equivalent of happiness?,Harvard Business School Publishing - HBD,Limited Eligibility,218,Harvard Business Review
HV1476,HV1476-VIF-ENG,KAL,1_fra4n78i,,,Want to Be Happier? Value Time Over Money,Harvard Business School Publishing - HBD,Limited Eligibility,218,Harvard Business Review
HV1485,HV1485-VIF-ENG,KAL,1_omwdf3vu,,,How to Deal with Remote Conflict,Harvard Business School Publishing - HBD,Limited Eligibility,218,Harvard Business Review
HV1490,HV1490-VIF-ENG,KAL,1_hfq04v4s,,,"How Cubicles, Telecommuting, Personal Computers, and Email Changed the Way We Work",Harvard Business School Publishing - HBD,Limited Eligibility,218,Harvard Business Review
HV1491,HV1491-VIF-ENG,KAL,1_gmr91o79,,,How to Build Your Mental Strength,Harvard Business School Publishing - HBD,Limited Eligibility,218,Harvard Business Review
HV1493,HV1493-VIF-ENG,KAL,1_8q3dlio3,,,Coping with Anxiety and Uncertainty at Work,Harvard Business School Publishing - HBD,Limited Eligibility,218,Harvard Business Review
HV1526,HV1526-VIF-ENG,KAL,1_szfu9t3v,,,On the Front Lines of Misinformation,Harvard Business School Publishing - HBD,Limited Eligibility,218,Harvard Business Review
HV1583,HV1583-VIF-ENG,KAL,1_e72hzefi,,,What Drives Salespeople in Different U.S. Regions,Harvard Business School Publishing - HBD,Limited Eligibility,218,Harvard Business Review
HV1594,HV1594-VIF-ENG,KAL,1_vi9w9g0o,,,What Great Office Design Actually Looks Like,Harvard Business School Publishing - HBD,Limited Eligibility,218,Harvard Business Review
HV1599,HV1599-VIF-ENG,KAL,1_eflce8qe,,,Your Scarcest Resource,Harvard Business School Publishing - HBD,Limited Eligibility,218,Harvard Business Review
HV1627,HV1627-VIF-ENG,KAL,1_78gnlh54,,,5 Common Writing Mistakes,Harvard Business School Publishing - HBD,Limited Eligibility,218,Harvard Business Review
HV1632,HV1632-VIF-ENG,KAL,1_56b5ohlo,,,Make Networking Less Awkward,Harvard Business School Publishing - HBD,Limited Eligibility,218,Harvard Business Review
HV1639,HV1639-VIF-ENG,KAL,1_l1mf0hfb,,,What Sets Top Sales Teams Apart,Harvard Business School Publishing - HBD,Limited Eligibility,218,Harvard Business Review
HV1653,HV1653-VIF-ENG,KAL,0_tjhfj6bc,,,A Better Way to Measure Your Ad Campaign,Harvard Business School Publishing - HBD,Limited Eligibility,218,Harvard Business Review
HV1662,HV1662-VIF-ENG,KAL,1_sfkt0iis,,,Change the Way You Pay Your Sales Force,Harvard Business School Publishing - HBD,Limited Eligibility,218,Harvard Business Review
HV1663,HV1663-VIF-ENG,KAL,1_k3tk3j8f,,,Great Brands Don't Chase Trends,Harvard Business School Publishing - HBD,Limited Eligibility,218,Harvard Business Review
HV1665,HV1665-VIF-ENG,KAL,1_l3i6j3st,,,"Write a ""Big Opportunity"" Statement to Align Your Strategy",Harvard Business School Publishing - HBD,Limited Eligibility,218,Harvard Business Review
HV1666,HV1666-VIF-ENG,KAL,1_9yef4dud,,,How to Make Cross-Boundary Marketing Decisions,Harvard Business School Publishing - HBD,Limited Eligibility,218,Harvard Business Review
HV1668,HV1668-VIF-ENG,KAL,1_i6oaczpf,,,Which Sustainability Programs Should You Support?,Harvard Business School Publishing - HBD,Limited Eligibility,218,Harvard Business Review
HV1669,HV1669-VIF-ENG,KAL,1_7s1yf389,,,Leading with a Light Footprint,Harvard Business School Publishing - HBD,Limited Eligibility,218,Harvard Business Review
HV1670,HV1670-VIF-ENG,KAL,1_zw4izaen,,,Why Brands Need a Clear Promise,Harvard Business School Publishing - HBD,Limited Eligibility,218,Harvard Business Review
HV1682,HV1682-VIF-ENG,KAL,1_4dipspgb,,,Storytelling Can Make Or Break Your Leadership,Harvard Business School Publishing,Limited Eligibility,218,Harvard Business Impact
HV1684,HV1684-VIF-ENG,KAL,1_8zf7aikl,,,How to Keep Your Cool in High-Stress Situations,Harvard Business School Publishing,Limited Eligibility,218,Harvard Business Impact
HV1688,HV1688-VIF-ENG,KAL,1_p76ejkf2,,,"Artificial Intelligence for The Real World, Part 1 of 3",Harvard Business School Publishing,Limited Eligibility,218,Harvard Business Impact
HV1689,HV1689-VIF-ENG,KAL,1_hat782on,,,"Artificial Intelligence for The Real World, Part 2 of 3",Harvard Business School Publishing,Limited Eligibility,218,Harvard Business Impact
HV1690,HV1690-VIF-ENG,KAL,1_tnme922p,,,"Artificial Intelligence for The Real World, Part 3 of 3",Harvard Business School Publishing,Limited Eligibility,218,Harvard Business Impact
HV1692,HV1692-VIF-ENG,KAL,1_b7e7lemx,,,Generational Differences At Work Are Small. Thinking They're Big Affects Our Behavior,Harvard Business School Publishing,Limited Eligibility,218,Harvard Business Impact
HV1694,HV1694-VIF-ENG,KAL,1_p1ov6zyy,,,7 Pieces of Bad Career Advice Women Should Ignore,Harvard Business School Publishing,Limited Eligibility,218,Harvard Business Impact
HV1695,HV1695-VIF-ENG,KAL,1_mtk2wb47,,,How to Get the Feedback You Need,Harvard Business School Publishing,Limited Eligibility,218,Harvard Business Impact
HV1696,HV1696-VIF-ENG,KAL,1_dwh1kjf2,,,What Having A Growth Mindset Actually Means,Harvard Business School Publishing,Limited Eligibility,218,Harvard Business Impact
HV1697,HV1697-VIF-ENG,KAL,1_z9szxdz1,,,"The Art of Persuasion Hasn't Changed in 2,000 Years",Harvard Business School Publishing,Limited Eligibility,218,Harvard Business Impact
HV1698,HV1698-VIF-ENG,KAL,1_uyzt7gtn,,,How To Have Difficult Conversations Virtually,Harvard Business School Publishing,Limited Eligibility,218,Harvard Business Impact
HV1699,HV1699-VIF-ENG,KAL,1_1w44gme7,,,What Do We Do About the Biases in AI?,Harvard Business School Publishing,Limited Eligibility,218,Harvard Business Impact
HV1700,HV1700-VIF-ENG,KAL,1_3p7jp0ao,,,What Self-Awareness Really Is (and How to Cultivate It),Harvard Business School Publishing,Limited Eligibility,218,Harvard Business Impact
HV1701,HV1701-VIF-ENG,KAL,1_v5w6vzh3,,,How to Elevate Your Presence in a Virtual Meeting,Harvard Business School Publishing,Limited Eligibility,218,Harvard Business Impact
HV1705,HV1705-VIF-ENG,KAL,1_m1gel9xq,,,When Your Career Becomes Your Whole Identity,Harvard Business School Publishing,Limited Eligibility,218,Harvard Business Impact
HV1706,HV1706-VIF-ENG,KAL,1_gqu5625t,,,How To Gain Credibility When You Have Little Experience,Harvard Business School Publishing,Limited Eligibility,218,Harvard Business Impact
HV1707,HV1707-VIF-ENG,KAL,1_jomtxb4r,,,Cybersecurity Is Not (Just) a Tech Problem,Harvard Business School Publishing,Limited Eligibility,218,Harvard Business Impact
HV1710,HV1710-VIF-ENG,KAL,0_086smnc8,,,How to keep your business writing simple,Harvard Business School Publishing - HBD,Limited Eligibility,218,Harvard Business Review
HV1711,HV1711-VIF-ENG,KAL,0_1wku5d8z,,,How to Get Along with Your Boss,Harvard Business School Publishing - HBD,Limited Eligibility,218,Harvard Business Review
HV1712,HV1712-VIF-ENG,KAL,0_2cbmp1ky,,,How many people should you ask for advice,Harvard Business School Publishing - HBD,Limited Eligibility,218,Harvard Business Review
HV1713,HV1713-VIF-ENG,KAL,0_51b8lrzx,,,Stop Feeling Bad about Not Getting Enough Done,Harvard Business School Publishing - HBD,Limited Eligibility,218,Harvard Business Review
HV1714,HV1714-VIF-ENG,KAL,0_5efba6d0,,,How to Actually Get Work Done,Harvard Business School Publishing - HBD,Limited Eligibility,218,Harvard Business Review
HV1715,HV1715-VIF-ENG,KAL,0_8abei8yk,,,How to Build a Productivity System That Meets Your ​Specific​ Needs,Harvard Business School Publishing - HBD,Limited Eligibility,218,Harvard Business Review
HV1716,HV1716-VIF-ENG,KAL,0_8cmlrlqs,,,Why Being Yourself Is Better Than Catering,Harvard Business School Publishing - HBD,Limited Eligibility,218,Harvard Business Review
HV1717,HV1717-VIF-ENG,KAL,0_8lo4z6q8,,,How to Captivate Your Audience During a Virtual Presentation,Harvard Business School Publishing - HBD,Limited Eligibility,218,Harvard Business Review
HV1718,HV1718-VIF-ENG,KAL,0_cqbj5wmy,,,What to Do When Joining a New Job with a Very Different Culture,Harvard Business School Publishing - HBD,Limited Eligibility,218,Harvard Business Review
HV1719,HV1719-VIF-ENG,KAL,0_cuwfyzj9,,,How to Get Ahead When You Have an Ineffectual Boss,Harvard Business School Publishing - HBD,Limited Eligibility,218,Harvard Business Review
HV1720,HV1720-VIF-ENG,KAL,0_cvcxzxq6,,,How Not to Take Small Annoyances at Work Personally,Harvard Business School Publishing - HBD,Limited Eligibility,218,Harvard Business Review
HV1721,HV1721-VIF-ENG,KAL,0_ed3264s6,,,4 Super Tips to Help You Adjust Better to WFH,Harvard Business School Publishing - HBD,Limited Eligibility,218,Harvard Business Review
HV1722,HV1722-VIF-ENG,KAL,0_fg0paxvi,,,6 Steps to Becoming More Influential at Work,Harvard Business School Publishing - HBD,Limited Eligibility,218,Harvard Business Review
HV1723,HV1723-VIF-ENG,KAL,0_hwlfibph,,,Is Your Team Burning Out? Here is How To Prevent it.,Harvard Business School Publishing - HBD,Limited Eligibility,218,Harvard Business Review
HV1724,HV1724-VIF-ENG,KAL,0_knv9pf24,,,Extreme Productivity: 7 Behaviors of Super Productive People,Harvard Business School Publishing - HBD,Limited Eligibility,218,Harvard Business Review
HV1725,HV1725-VIF-ENG,KAL,0_lt4dqito,,,What to Do When You've Made a Bad Decision,Harvard Business School Publishing - HBD,Limited Eligibility,218,Harvard Business Review
HV1726,HV1726-VIF-ENG,KAL,0_yjolm5t1,,,Are You Retaining Enough of What You're Reading?,Harvard Business School Publishing - HBD,Limited Eligibility,218,Harvard Business Review
HV1727,HV1727-VIF-ENG,KAL,0_zevsbp73,,,How to Work with Someone You Don't like,Harvard Business School Publishing - HBD,Limited Eligibility,218,Harvard Business Review
HV1728,HV1728-VIF-ENG,KAL,1_05zjafb9,,,How to Make a Bad Career Move Work for You,Harvard Business School Publishing - HBD,Limited Eligibility,218,Harvard Business Review
HV1729,HV1729-VIF-ENG,KAL,1_0xws4op2,,,Your perfectionism may be hurting your career,Harvard Business School Publishing - HBD,Limited Eligibility,218,Harvard Business Review
HV1730,HV1730-VIF-ENG,KAL,1_21qkffxp,,,How Not to Come across as a Show-Off in a Job Interview,Harvard Business School Publishing - HBD,Limited Eligibility,218,Harvard Business Review
HV1731,HV1731-VIF-ENG,KAL,1_5gk3sd8l,,,Are You an Accidental Diminisher?,Harvard Business School Publishing - HBD,Limited Eligibility,218,Harvard Business Review
HV1732,HV1732-VIF-ENG,KAL,1_5mv52hp0,,,How to Handle the Post-Presentation Q&A,Harvard Business School Publishing - HBD,Limited Eligibility,218,Harvard Business Review
HV1733,HV1733-VIF-ENG,KAL,1_5szgqigw,,,The 5 Confidence Traps,Harvard Business School Publishing - HBD,Limited Eligibility,218,Harvard Business Review
HV1734,HV1734-VIF-ENG,KAL,1_6e1skc40,,,How to Embrace Experimentalism,Harvard Business School Publishing - HBD,Limited Eligibility,218,Harvard Business Review
HV1735,HV1735-VIF-ENG,KAL,1_7kdi8e5n,,,6 Things to Remember for Your First Few Meetings with a New Boss,Harvard Business School Publishing - HBD,Limited Eligibility,218,Harvard Business Review
HV1736,HV1736-VIF-ENG,KAL,1_7sahpu0u,,,Is There a Lack of Psychological Safety on Your Team?,Harvard Business School Publishing - HBD,Limited Eligibility,218,Harvard Business Review
HV1737,HV1737-VIF-ENG,KAL,1_8c6iqy3h,,,The One Skill You Need to Manage Stress and Avoid Burnout,Harvard Business School Publishing - HBD,Limited Eligibility,218,Harvard Business Review
HV1738,HV1738-VIF-ENG,KAL,1_9wm5prb4,,,Is your manager a narcissist,Harvard Business School Publishing - HBD,Limited Eligibility,218,Harvard Business Review
HV1739,HV1739-VIF-ENG,KAL,1_aniqioqq,,,How to remind your boss you're doing a good job,Harvard Business School Publishing - HBD,Limited Eligibility,218,Harvard Business Review
HV1740,HV1740-VIF-ENG,KAL,1_ap4dxz5j,,,How to Work From Home and Be Productive,Harvard Business School Publishing - HBD,Limited Eligibility,218,Harvard Business Review
HV1741,HV1741-VIF-ENG,KAL,1_bgpireg8,,,Five Tips for Effective Communication,Harvard Business School Publishing - HBD,Limited Eligibility,218,Harvard Business Review
HV1742,HV1742-VIF-ENG,KAL,1_carsjeem,,,What to Do If Your Boss Is a Coward,Harvard Business School Publishing - HBD,Limited Eligibility,218,Harvard Business Review
HV1743,HV1743-VIF-ENG,KAL,1_dfio4tt3,,,How to Build a Strong Foundation of Trust During Uncertain Times,Harvard Business School Publishing - HBD,Limited Eligibility,218,Harvard Business Review
HV1744,HV1744-VIF-ENG,KAL,1_ewlg1pk3,,,What to Say When a Conversation Heats Up,Harvard Business School Publishing - HBD,Limited Eligibility,218,Harvard Business Review
HV1745,HV1745-VIF-ENG,KAL,1_g4ihg5cc,,,How to Prepare for a Big Presentation,Harvard Business School Publishing - HBD,Limited Eligibility,218,Harvard Business Review
HV1746,HV1746-VIF-ENG,KAL,1_gogyuwnl,,,How to Change Your Destructive Behaviors,Harvard Business School Publishing - HBD,Limited Eligibility,218,Harvard Business Review
HV1747,HV1747-VIF-ENG,KAL,1_hdsn7ka7,,,Five Habits of Merely Effective Negotiators,Harvard Business School Publishing - HBD,Limited Eligibility,218,Harvard Business Review
HV1748,HV1748-VIF-ENG,KAL,1_hfv1q499,,,Why Are You Gossiping at Work,Harvard Business School Publishing - HBD,Limited Eligibility,218,Harvard Business Review
HV1749,HV1749-VIF-ENG,KAL,1_i45k9x4u,,,How to Create a Culture of Trust on Your Team,Harvard Business School Publishing - HBD,Limited Eligibility,218,Harvard Business Review
HV1750,HV1750-VIF-ENG,KAL,1_jf5mii2u,,,The 3 Sources of Work Conflict,Harvard Business School Publishing - HBD,Limited Eligibility,218,Harvard Business Review
HV1751,HV1751-VIF-ENG,KAL,0_p0e9andr,,,How to Help Your Team Deal with Setbacks,Harvard Business School Publishing - HBD,Limited Eligibility,218,Harvard Business Review
HV1752,HV1752-VIF-ENG,KAL,0_pbhhtbp1,,,6 Conditions When You Find It Difficult to Say No,Harvard Business School Publishing - HBD,Limited Eligibility,218,Harvard Business Review
HV1753,HV1753-VIF-ENG,KAL,0_q7try65f,,,How Anxiety Affects Us,Harvard Business School Publishing - HBD,Limited Eligibility,218,Harvard Business Review
HV1754,HV1754-VIF-ENG,KAL,0_rv913jc0,,,3 Personality Traits That Make You a Good Negotiator,Harvard Business School Publishing - HBD,Limited Eligibility,218,Harvard Business Review
HV1755,HV1755-VIF-ENG,KAL,0_u7yjafpp,,,Are Your Colleagues Distracting You Too Much?,Harvard Business School Publishing - HBD,Limited Eligibility,218,Harvard Business Review
HV1756,HV1756-VIF-ENG,KAL,0_upur4rp7,,,6 Tips to Run a Meeting of People from Different Cultures,Harvard Business School Publishing - HBD,Limited Eligibility,218,Harvard Business Review
HV1757,HV1757-VIF-ENG,KAL,0_x3ib2m77,,,4 Questions to Ask Yourself Before Writing the Next Email,Harvard Business School Publishing - HBD,Limited Eligibility,218,Harvard Business Review
HV1758,HV1758-VIF-ENG,KAL,1_jvz94q7h,,,When You Love Your Job but Don't Make Enough Money,Harvard Business School Publishing - HBD,Limited Eligibility,218,Harvard Business Review
HV1759,HV1759-VIF-ENG,KAL,1_k66svss5,,,The 3 Things We All Want from Our Jobs,Harvard Business School Publishing - HBD,Limited Eligibility,218,Harvard Business Review
HV1760,HV1760-VIF-ENG,KAL,1_ldmby88e,,,Why You Need to Pay Attention to your Micromoves,Harvard Business School Publishing - HBD,Limited Eligibility,218,Harvard Business Review
HV1761,HV1761-VIF-ENG,KAL,1_lnarlkkk,,,How Apple Is Organized for Innovation: The Functional Organization,Harvard Business School Publishing - HBD,Limited Eligibility,218,Harvard Business Review
HV1762,HV1762-VIF-ENG,KAL,1_mxvn69fk,,,How Teams Can Disagree Productively,Harvard Business School Publishing - HBD,Limited Eligibility,218,Harvard Business Review
HV1763,HV1763-VIF-ENG,KAL,1_nhse80kp,,,How to Reset a Work Relationship after a Disagreement,Harvard Business School Publishing - HBD,Limited Eligibility,218,Harvard Business Review
HV1764,HV1764-VIF-ENG,KAL,1_nilbf29g,,,How to Make Instant Messaging Platforms Work for Your Team,Harvard Business School Publishing - HBD,Limited Eligibility,218,Harvard Business Review
HV1765,HV1765-VIF-ENG,KAL,1_o2e9lwdb,,,Warning Signs That Your Boss Sees You as a Misfit,Harvard Business School Publishing - HBD,Limited Eligibility,218,Harvard Business Review
HV1766,HV1766-VIF-ENG,KAL,1_q4zfvzw2,,,How to Negotiate Effectively,Harvard Business School Publishing - HBD,Limited Eligibility,218,Harvard Business Review
HV1767,HV1767-VIF-ENG,KAL,1_qhzyont8,,,How to Set Habits to Keep Your Life on Track,Harvard Business School Publishing - HBD,Limited Eligibility,218,Harvard Business Review
HV1768,HV1768-VIF-ENG,KAL,1_qjjpmd2u,,,4 Must-Have Ground Rules for Your Next Meeting,Harvard Business School Publishing - HBD,Limited Eligibility,218,Harvard Business Review
HV1769,HV1769-VIF-ENG,KAL,1_qq04fn55,,,How to open up to your team,Harvard Business School Publishing - HBD,Limited Eligibility,218,Harvard Business Review
HV1770,HV1770-VIF-ENG,KAL,1_qzat3eg5,,,How to get more recognition at work,Harvard Business School Publishing - HBD,Limited Eligibility,218,Harvard Business Review
HV1771,HV1771-VIF-ENG,KAL,1_rnmi2cot,,,How to Manage Your Time Better,Harvard Business School Publishing - HBD,Limited Eligibility,218,Harvard Business Review
HV1772,HV1772-VIF-ENG,KAL,1_rqnldnj9,,,How to Improve Your Rapport with Your Boss,Harvard Business School Publishing - HBD,Limited Eligibility,218,Harvard Business Review
HV1773,HV1773-VIF-ENG,KAL,1_tvu5ie2x,,,How to Manage Negative Emotions at Work,Harvard Business School Publishing - HBD,Limited Eligibility,218,Harvard Business Review
HV1774,HV1774-VIF-ENG,KAL,1_vd9bhkip,,,How to Reassure Your Team During Uncertainty,Harvard Business School Publishing - HBD,Limited Eligibility,218,Harvard Business Review
HV1775,HV1775-VIF-ENG,KAL,1_xlm30rbg,,,What to do When Your Boss is Self-Obsessed,Harvard Business School Publishing - HBD,Limited Eligibility,218,Harvard Business Review
HV1776,HV1776-VIF-ENG,KAL,1_zko9jub9,,,How to Manage a Control-Freak Manager,Harvard Business School Publishing - HBD,Limited Eligibility,218,Harvard Business Review
HV1777,HV1777-VIF-ENG,KAL,1_6xspcm0z,,,I'm an entry-level employee. How can I get my company to act on climate change?,Harvard Business School Publishing - HBD,Limited Eligibility,218,Harvard Business Review
HV1778,HV1778-VIF-ENG,KAL,1_8tajxb0n,,,"To Sound Like a Leader, Think About What You Say",Harvard Business School Publishing,Limited Eligibility,218,Harvard Business Impact
HV1779,HV1779-VIF-ENG,KAL,1_mi59k6lk,,,How to Run a Great Virtual Meeting,Harvard Business School Publishing,Limited Eligibility,218,Harvard Business Impact
HV1780,HV1780-VIF-ENG,KAL,1_d1t52ntp,,,How to Negotiate with Someone More Powerful than You,Harvard Business School Publishing,Limited Eligibility,218,Harvard Business Impact
HV1781,HV1781-VIF-ENG,KAL,1_irdlvm9m,,,7 Leadership Lessons Men Can Learn from Women,Harvard Business School Publishing,Limited Eligibility,218,Harvard Business Impact
HV1782,HV1782-VIF-ENG,KAL,1_inyg2rsl,,,6 Strategies for Leading Through Uncertainty,Harvard Business School Publishing,Limited Eligibility,218,Harvard Business Impact
HV1784,HV1784-VIF-ENG,KAL,1_lg6hbqr4,,,How to Plan Your Life When the Future Is Foggy at Best,Harvard Business School Publishing,Limited Eligibility,218,Harvard Business Impact
HV1785,HV1785-VIF-ENG,KAL,1_qoyetbyh,,,4 Ways to Be More Effective at Execution,Harvard Business School Publishing,Limited Eligibility,218,Harvard Business Impact
HV1786,HV1786-VIF-ENG,KAL,1_ukz6xu2e,,,You Don't Find Your Purpose - You Build It,Harvard Business School Publishing,Limited Eligibility,218,Harvard Business Impact
HV1787,HV1787-VIF-ENG,KAL,1_9fvid91k,,,How To Do Hybrid Right,Harvard Business School Publishing,Limited Eligibility,218,Harvard Business Impact
HV1788,HV1788-VIF-ENG,KAL,1_bxc4jlnz,,,Becoming Powerful Makes You Less Empathetic,Harvard Business School Publishing,Limited Eligibility,218,Harvard Business Impact
HV1789,HV1789-VIF-ENG,KAL,1_9a59a5b3,,,Being Happy At Work Matters,Harvard Business School Publishing,Limited Eligibility,218,Harvard Business Impact
HV1791,HV1791-VIF-ENG,KAL,1_70cwtn3a,,,6 Yoga Exercises You Won't Be Embarrassed to Do at Your Desk,Harvard Business School Publishing,Limited Eligibility,218,Harvard Business Impact
HV1792,HV1792-VIF-ENG,KAL,1_lvuv0cvv,,,A Guide to Winning Support for Your New Idea or Project,Harvard Business School Publishing,Limited Eligibility,218,Harvard Business Impact
HV1793,HV1793-VIF-ENG,KAL,1_bzc53klz,,,"A Checklist for Making Faster, Better Decisions",Harvard Business School Publishing,Limited Eligibility,218,Harvard Business Impact
HV1794,HV1794-VIF-ENG,KAL,1_3xm93pwe,,,How to Demonstrate Your Strategic Thinking Skills,Harvard Business School Publishing,Limited Eligibility,218,Harvard Business Impact
HV1795,HV1795-VIF-ENG,KAL,1_1nlf3abs,,,How to Practice Mindfulness Throughout Your Work Day,Harvard Business School Publishing,Limited Eligibility,218,Harvard Business Impact
HV1796,HV1796-VIF-ENG,KAL,1_eq9pdv7w,,,It's Harder to Empathize with People If You've Been in Their Shoes,Harvard Business School Publishing,Limited Eligibility,218,Harvard Business Impact
HV1797,HV1797-VIF-ENG,KAL,1_q7cs3hum,,,How To Say No To Taking on More Work,Harvard Business School Publishing,Limited Eligibility,218,Harvard Business Impact
HV1798,HV1798-VIF-ENG,KAL,1_i96se0uq,,,Resilience for the Rest of Us,Harvard Business School Publishing,Limited Eligibility,218,Harvard Business Impact
HV1799,HV1799-VIF-ENG,KAL,1_i4yxoqyo,,,How to Make Rational Decisions in the Face of Uncertainty,Harvard Business School Publishing,Limited Eligibility,218,Harvard Business Impact
HV1800,HV1800-VIF-ENG,KAL,1_itru9i4r,,,How To Improve Business Writing,Harvard Business School Publishing,Limited Eligibility,218,Harvard Business Impact
HV1801,HV1801-VIF-ENG,KAL,1_7cfox2u4,,,What It Takes to Give A Great Presentation,Harvard Business School Publishing,Limited Eligibility,218,Harvard Business Impact
HV1802,HV1802-VIF-ENG,KAL,1_qmapqrqu,,,How to Be Creative on Demand,Harvard Business School Publishing,Limited Eligibility,218,Harvard Business Impact
HV1803,HV1803-VIF-ENG,KAL,1_taacumib,,,6 Ways to Look More Confident During a Presentation,Harvard Business School Publishing,Limited Eligibility,218,Harvard Business Impact
HV1804,HV1804-VIF-ENG,KAL,1_akjxtraj,,,Presenting to Management? Be Prepared for the Tough Question,Harvard Business School Publishing,Limited Eligibility,218,Harvard Business Impact
HV1805,HV1805-VIF-ENG,KAL,1_m99dybci,,,Persuading the Unpersuadable: Narcissists and Disagreeable Bosses,Harvard Business School Publishing,Limited Eligibility,218,Harvard Business Impact
HV1806,HV1806-VIF-ENG,KAL,1_42bc0j4g,,,Persuading the Unpersuadable: Know-It-Alls and Stubborn People,Harvard Business School Publishing,Limited Eligibility,218,Harvard Business Impact
HV1807,HV1807-VIF-ENG,KAL,1_9idprdgf,,,6 Tips for Running Offsites That Aren't a Waste of Time,Harvard Business School Publishing,Limited Eligibility,218,Harvard Business Impact
HV1808,HV1808-VIF-ENG,KAL,1_xxjyxwg6,,,How to Give Feedback--Especially When You're Dreading it,Harvard Business School Publishing,Limited Eligibility,218,Harvard Business Impact
HV1809,HV1809-VIF-ENG,KAL,1_ule454pv,,,How to Quit Your Job with No Regrets,Harvard Business School Publishing,Limited Eligibility,218,Harvard Business Impact
HV1810,HV1810-VIF-ENG,KAL,1_547q3ta3,,,How to Find a Mentor Who Can Accelerate Your Career,Harvard Business School Publishing,Limited Eligibility,218,Harvard Business Impact
HV1811,HV1811-VIF-ENG,KAL,1_i8l967wi,,,How to Ask for a Raise,Harvard Business School Publishing,Limited Eligibility,218,Harvard Business Impact
HV1812,HV1812-VIF-ENG,KAL,1_7w5johv3,,,How to Really Use a Whiteboard (Demo Included),Harvard Business School Publishing,Limited Eligibility,218,Harvard Business Impact
HV1813,HV1813-VIF-ENG,KAL,1_pd9mgpka,,,How to Do Hybrid Meetings Right,Harvard Business School Publishing,Limited Eligibility,218,Harvard Business Impact
HV1814,HV1814-VIF-ENG,KAL,1_oai0xi50,,,You Need Tough Feedback--Here's How to Get It,Harvard Business School Publishing,Limited Eligibility,218,Harvard Business Impact
HV1815,HV1815-VIF-ENG,KAL,1_5jawjfea,,,How to Negotiate a Flexible Return to the Office,Harvard Business School Publishing,Limited Eligibility,218,Harvard Business Impact
HV1816,HV1816-VIF-ENG,KAL,1_mucdeqpo,,,What Difficult Emotions Are Trying to Tell You,Harvard Business School Publishing,Limited Eligibility,218,Harvard Business Impact
HV1817,HV1817-VIF-ENG,KAL,1_7a53unw3,,,How to Get Out of a Creative Rut,Harvard Business School Publishing,Limited Eligibility,218,Harvard Business Impact
HV1818,HV1818-VIF-ENG,KAL,1_sua6aeb2,,,How to Follow Up After a Job Interview,Harvard Business School Publishing,Limited Eligibility,218,Harvard Business Impact
HV1819,HV1819-VIF-ENG,KAL,1_gzpx5cqe,,,How to Write a Resume That Stands Out,Harvard Business School Publishing,Limited Eligibility,218,Harvard Business Impact
HV1820,HV1820-VIF-ENG,KAL,1_s7tsg5pk,,,How to Write a Cover Letter That Sounds Like YOU (and Gets Noticed),Harvard Business School Publishing,Limited Eligibility,218,Harvard Business Impact
HV1821,HV1821-VIF-ENG,KAL,1_a3b2dv0s,,,Expert Reactions to Three Real Resumes,Harvard Business School Publishing,Limited Eligibility,218,Harvard Business Impact
HV1822,HV1822-VIF-ENG,KAL,1_f9o3otdc,,,How to Network on Instagram (It's More Than Just the DMs!),Harvard Business School Publishing,Limited Eligibility,218,Harvard Business Impact
HV1823,HV1823-VIF-ENG,KAL,1_q64ntpj2,,,What Job Crafting Looks Like,Harvard Business School Publishing,Limited Eligibility,218,Harvard Business Impact
HV1824,HV1824-VIF-ENG,KAL,1_r1y5gvdm,,,"Resilience Is About How You Recharge, Not How You Endure",Harvard Business School Publishing,Limited Eligibility,218,Harvard Business Impact
HV1825,HV1825-VIF-ENG,KAL,1_7od2cn89,,,6 Questions to Ask Before Starting a Big Project,Harvard Business School Publishing,Limited Eligibility,218,Harvard Business Impact
HV1826,HV1826-VIF-ENG,KAL,1_7zcujjon,,,"If Your Innovation Effort Isn't Working, Look at Who's on the Team",Harvard Business School Publishing,Limited Eligibility,218,Harvard Business Impact
HV1827,HV1827-VIF-ENG,KAL,1_4w0uh8va,,,How to Make Better Decisions with Less Data,Harvard Business School Publishing,Limited Eligibility,218,Harvard Business Impact
HV1828,HV1828-VIF-ENG,KAL,1_cbu9wlvz,,,Find the Coaching in Criticism,Harvard Business School Publishing,Limited Eligibility,218,Harvard Business Impact
HV1829,HV1829-VIF-ENG,KAL,1_d39zbp9g,,,"4 Ways to Pressure-Test Strategic Decisions, Inspired by the U.S. Military",Harvard Business School Publishing,Limited Eligibility,218,Harvard Business Impact
HV1830,HV1830-VIF-ENG,KAL,1_1il4kn7y,,,Shifting from Star Performer to Star Manager,Harvard Business School Publishing,Limited Eligibility,218,Harvard Business Impact
HV1831,HV1831-VIF-ENG,KAL,1_q0ib9zho,,,Mindfulness for People Who Are Too Busy to Meditate,Harvard Business School Publishing,Limited Eligibility,218,Harvard Business Impact
HV1832,HV1832-VIF-ENG,KAL,1_xuwz5j2o,,,Emotional Agility,Harvard Business School Publishing,Limited Eligibility,218,Harvard Business Impact
HV1833,HV1833-VIF-ENG,KAL,1_0fzl6mi0,,,Does Your Project Have a Purpose?,Harvard Business School Publishing,Limited Eligibility,218,Harvard Business Impact
HV1834,HV1834-VIF-ENG,KAL,1_l2xnubn0,,,Compassionate Leadership Is Necessary - but Not Sufficient,Harvard Business School Publishing,Limited Eligibility,218,Harvard Business Impact
HV1835,HV1835-VIF-ENG,KAL,1_6egqhdh7,,,What Does It Mean to Be a Manager Today?,Harvard Business School Publishing,Limited Eligibility,218,Harvard Business Impact
HV1836,HV1836-VIF-ENG,KAL,1_d6scjkgs,,,Communicating a Corporate Vision to Your Team,Harvard Business School Publishing,Limited Eligibility,218,Harvard Business Impact
HV1837,HV1837-VIF-ENG,KAL,1_o3nr40xo,,,The Limits of Empathy,Harvard Business School Publishing,Limited Eligibility,218,Harvard Business Impact
HV1838,HV1838-VIF-ENG,KAL,1_j75yhj7p,,,How to Prioritize Your Work When Your Manager Doesn't,Harvard Business School Publishing,Limited Eligibility,218,Harvard Business Impact
HV1839,HV1839-VIF-ENG,KAL,1_69jjnr8v,,,Being a Strategic Leader Is About Asking the Right Questions,Harvard Business School Publishing,Limited Eligibility,218,Harvard Business Impact
HV1840,HV1840-VIF-ENG,KAL,1_07k1yhxz,,,5 Steps for Woman to Combat Burnout,Harvard Business School Publishing,Limited Eligibility,218,Harvard Business Impact
HV1842,HV1842-VIF-ENG,KAL,1_d05o5fqi,,,A Way Forward for Working Parents,Harvard Business School Publishing,Limited Eligibility,218,Harvard Business Impact
HV1843,HV1843-VIF-ENG,KAL,1_vflzwipf,,,How to Create Your Own Career Luck,Harvard Business School Publishing,Limited Eligibility,218,Harvard Business Impact
HV1844,HV1844-VIF-ENG,KAL,1_w2ggzxr1,,,"Execution Is a People Problem, Not a Strategy Problem",Harvard Business School Publishing,Limited Eligibility,218,Harvard Business Impact
HV1845,HV1845-VIF-ENG,KAL,1_86am2s6w,,,How to Calm Your Nerves Before a Big Presentation,Harvard Business School Publishing,Limited Eligibility,218,Harvard Business Impact
HV1846,HV1846-VIF-ENG,KAL,1_35pkhltm,,,Can You Afford to Change Your Career?,Harvard Business School Publishing,Limited Eligibility,218,Harvard Business Impact
HV1847,HV1847-VIF-ENG,KAL,1_074it2jp,,,How to Increase Your Influence at Work,Harvard Business School Publishing,Limited Eligibility,218,Harvard Business Impact
HV1848,HV1848-VIF-ENG,KAL,1_j3wpqxgp,,,How to Have Hybrid Meetings That Work for Everyone,Harvard Business School Publishing,Limited Eligibility,218,Harvard Business Impact
HV1849,HV1849-VIF-ENG,KAL,1_13jk89qe,,,The Art of Active Listening,Harvard Business School Publishing,Limited Eligibility,218,Harvard Business Impact
HV1850,HV1850-VIF-ENG,KAL,1_25tmspfa,,,Myth Busting Common Advice About Switching Jobs,Harvard Business School Publishing,Limited Eligibility,218,Harvard Business Impact
HV1851,HV1851-VIF-ENG,KAL,1_yjdek7qh,,,A Plan Is Not a Strategy,Harvard Business School Publishing,Limited Eligibility,218,Harvard Business Impact
HV1852,HV1852-VIF-ENG,KAL,1_iah7xmtj,,,How to Work with a Passive-Aggressive Coworker,Harvard Business School Publishing,Limited Eligibility,218,Harvard Business Impact
HV1853,HV1853-VIF-ENG,KAL,1_nvxuvcfs,,,How to Work with Someone You Can't Stand,Harvard Business School Publishing,Limited Eligibility,218,Harvard Business Impact
HV1854,HV1854-VIF-ENG,KAL,1_5ybyozmb,,,How to Work with an Insecure Boss,Harvard Business School Publishing,Limited Eligibility,218,Harvard Business Impact
HV1855,HV1855-VIF-ENG,KAL,1_du9cff5i,,,Twitch CEO on the Future of the Creator Economy,Harvard Business School Publishing,Limited Eligibility,218,Harvard Business Impact
HV1856,HV1856-VIF-ENG,KAL,1_4z8aqho5,,,How to Control Your Emotions During a Difficult Conversation,Harvard Business School Publishing,Limited Eligibility,218,Harvard Business Impact
HV1857,HV1857-VIF-ENG,KAL,1_hhqrjfmv,,,Accenture CEO Julie Sweet on the Most Important Skill Job Seekers Need Today,Harvard Business School Publishing,Limited Eligibility,218,Harvard Business Impact
HV1858,HV1858-VIF-ENG,KAL,1_tkfjm3vb,,,The Truth Behind Imposter Syndrome,Harvard Business School Publishing,Limited Eligibility,218,Harvard Business Impact
HV1859,HV1859-VIF-ENG,KAL,1_489u5353,,,How to Get Most of an Informational Interview,Harvard Business School Publishing,Limited Eligibility,218,Harvard Business Impact
HV1860,HV1860-VIF-ENG,KAL,1_nqwhyvdi,,,How to Get Something Done When You're Feeling Down,Harvard Business School Publishing,Limited Eligibility,218,Harvard Business Impact
HV1861,HV1861-VIF-ENG,KAL,1_sw6qlszq,,,"8 Questions to Ask Someone Other Than ""What Do You Do?""",Harvard Business School Publishing,Limited Eligibility,218,Harvard Business Impact
HV1862,HV1862-VIF-ENG,KAL,1_qx6sqwsa,,,5 Ways Bosses Can Reduce the Stigma of Mental Health at Work,Harvard Business School Publishing,Limited Eligibility,218,Harvard Business Impact
HV1863,HV1863-VIF-ENG,KAL,1_neivjiiw,,,The 6 Ways to Grow a Company,Harvard Business School Publishing,Limited Eligibility,218,Harvard Business Impact
HV1864,HV1864-VIF-ENG,KAL,1_b6wqz53y,,,5 Myths About Strategy,Harvard Business School Publishing,Limited Eligibility,218,Harvard Business Impact
HV1866,HV1866-VIF-ENG,KAL,1_iai65edf,,,"Want More Loyal Customers? Offer a Community, Not Rewards",Harvard Business School Publishing,Limited Eligibility,218,Harvard Business Impact
HV1867,HV1867-VIF-ENG,KAL,1_bpvgga15,,,How to Manage Your Anxiety,Harvard Business School Publishing,Limited Eligibility,218,Harvard Business Impact
HV1868,HV1868-VIF-ENG,KAL,1_lupz73ju,,,"Why We Buy Products Connected to Place, People, and Past",Harvard Business School Publishing,Limited Eligibility,218,Harvard Business Impact
HV1869,HV1869-VIF-ENG,KAL,1_ti7hbyzx,,,Staying Mindful When You're Working Remotely,Harvard Business School Publishing,Limited Eligibility,218,Harvard Business Impact
HV1870,HV1870-VIF-ENG,KAL,1_5qhwkau0,,,What Mix of WFH and Office Time Is Right for You?,Harvard Business School Publishing,Limited Eligibility,218,Harvard Business Impact
HV1871,HV1871-VIF-ENG,KAL,1_14to8a6f,,,Make Your Emotions Work for You in Negotiations,Harvard Business School Publishing,Limited Eligibility,218,Harvard Business Impact
HV1872,HV1872-VIF-ENG,KAL,1_a5qh05yy,,,3 Ways to Improve Your Decision Making,Harvard Business School Publishing,Limited Eligibility,218,Harvard Business Impact
HV1873,HV1873-VIF-ENG,KAL,1_brtp5xah,,,Easy Networking Tips for the Networking Haters,Harvard Business School Publishing,Limited Eligibility,218,Harvard Business Impact
HV1875,HV1875-VIF-ENG,KAL,1_nsnmr9vt,,,Critical Thinking Is About Asking Better Questions,Harvard Business School Publishing,Limited Eligibility,218,Harvard Business Impact
HV1876,HV1876-VIF-ENG,KAL,1_m7f3dv65,,,The Secret to Becoming a Market Leader,Harvard Business School Publishing,Limited Eligibility,218,Harvard Business Impact
HV1877,HV1877-VIF-ENG,KAL,1_k7dkji95,,,Your Messaging to Older Audiences Is Outdated,Harvard Business School Publishing,Limited Eligibility,218,Harvard Business Impact
HV1878,HV1878-VIF-ENG,KAL,1_e81u7qz8,,,New to the Team? Here's How to Build Trust (Remotely),Harvard Business School Publishing,Limited Eligibility,218,Harvard Business Impact
HV1879,HV1879-VIF-ENG,KAL,1_9smgbvms,,,How to Disagree with Someone More Powerful: The Harvard Business Review Guide,Harvard Business School Publishing,Limited Eligibility,218,Harvard Business Impact
HV1880,HV1880-VIF-ENG,KAL,1_2ny1ky9j,,,What Is Strategy? It's a Lot Simpler Than You Think,Harvard Business School Publishing,Limited Eligibility,218,Harvard Business Impact
HV1881,HV1881-VIF-ENG,KAL,1_9xs1ehlf,,,Think Twice Before Updating Your Brand,Harvard Business School Publishing,Limited Eligibility,218,Harvard Business Impact
HV1882,HV1882-VIF-ENG,KAL,1_nlshqpcd,,,What Makes a Great Leader?,Harvard Business School Publishing,Limited Eligibility,218,Harvard Business Impact
HV1884,HV1884-VIF-ENG,KAL,1_tg9829og,,,Here's How Leadership Skills Can Help You Parent Better,Harvard Business School Publishing,Limited Eligibility,218,Harvard Business Impact
HV1885,HV1885-VIF-ENG,KAL,1_xyidcxo1,,,The Surprising Problems with Pursuing Your Passion,Harvard Business School Publishing,Limited Eligibility,218,Harvard Business Impact
HV1886,HV1886-VIF-ENG,KAL,1_nwgz8199,,,Difficult People: What to Do When All Else Fails,Harvard Business School Publishing,Limited Eligibility,218,Harvard Business Impact
HV1887,HV1887-VIF-ENG,KAL,1_k8zee8w0,,,"F1 Legend Toto Wolff on Winning, Losing, and Leading Through Both",Harvard Business School Publishing,Limited Eligibility,218,Harvard Business Impact
HV1888,HV1888-VIF-ENG,KAL,1_dsawlfco,,,38 Smart Questions to Ask in a Job Interview,Harvard Business School Publishing,Limited Eligibility,218,Harvard Business Impact
HV1889,HV1889-VIF-ENG,KAL,1_5ps59rsu,,,3 Tips for a Smooth Transition into Retirement,Harvard Business School Publishing,Limited Eligibility,218,Harvard Business Impact
HV1891,HV1891-VIF-ENG,KAL,1_gfw209la,,,Are You Really Innovating Around Your Customers' Needs?,Harvard Business School Publishing,Limited Eligibility,218,Harvard Business Impact
HV1892,HV1892-VIF-ENG,KAL,1_z2dagdxo,,,A Step Toward Making Your Company More Sustainable,Harvard Business School Publishing,Limited Eligibility,218,Harvard Business Impact
HV1893,HV1893-VIF-ENG,KAL,1_qqmt35bd,,,When Quiet Quitting Is Worse Than the Real Thing,Harvard Business School Publishing,Limited Eligibility,218,Harvard Business Impact
HV1894,HV1894-VIF-ENG,KAL,1_myldgod7,,,Why Criticism Is Good for Creativity,Harvard Business School Publishing,Limited Eligibility,218,Harvard Business Impact
HV1895,HV1895-VIF-ENG,KAL,1_st0kqk28,,,3 Common Mistakes That Can Derail Your Team's Predictive Analytics Efforts,Harvard Business School Publishing,Limited Eligibility,218,Harvard Business Impact
HV1896,HV1896-VIF-ENG,KAL,1_gwn03hxf,,,"To Find Creative Solutions, Look Outside Your Industry",Harvard Business School Publishing,Limited Eligibility,218,Harvard Business Impact
HV1897,HV1897-VIF-ENG,KAL,1_h84ikum1,,,How to Unlock Your Team's Creativity,Harvard Business School Publishing,Limited Eligibility,218,Harvard Business Impact
HV1898,HV1898-VIF-ENG,KAL,1_5px7gx7m,,,How to Work with Colleagues Who Are Less Creative than You,Harvard Business School Publishing,Limited Eligibility,218,Harvard Business Impact
HV1899,HV1899-VIF-ENG,KAL,1_arg8te1e,,,Design a Retirement That Excites You,Harvard Business School Publishing,Limited Eligibility,218,Harvard Business Impact
HV1900,HV1900-VIF-ENG,KAL,1_oe4t6u7c,,,Learn to Get Better at Transitions,Harvard Business School Publishing,Limited Eligibility,218,Harvard Business Impact
HV1901,HV1901-VIF-ENG,KAL,1_xb76i87p,,,"To Be More Creative, Schedule Your Breaks",Harvard Business School Publishing,Limited Eligibility,218,Harvard Business Impact
HV1902,HV1902-VIF-ENG,KAL,1_33hyge26,,,The Problem-Solving Process That Prevents Groupthink,Harvard Business School Publishing,Limited Eligibility,218,Harvard Business Impact
HV1903,HV1903-VIF-ENG,KAL,1_ti0efaq2,,,3 Exercises to Boost Your Team's Creativity,Harvard Business School Publishing,Limited Eligibility,218,Harvard Business Impact
HV1904,HV1904-VIF-ENG,KAL,1_5z4pg19o,,,3 Questions About AI That Nontechnical Employees Should Be Able to Answer,Harvard Business School Publishing,Limited Eligibility,218,Harvard Business Impact
HV1905,HV1905-VIF-ENG,KAL,1_jhduj93o,,,What to Do If Your Job Interviewer Is Biased,Harvard Business School Publishing,Limited Eligibility,218,Harvard Business Impact
HV1906,HV1906-VIF-ENG,KAL,1_o8zdvr05,,,The Little Things That Make Employees Feel Appreciated,Harvard Business School Publishing,Limited Eligibility,218,Harvard Business Impact
HV1908,HV1908-VIF-ENG,KAL,1_8rn5r6yd,,,How To Make Sure a New Hire Feels Included from Day One,Harvard Business School Publishing,Limited Eligibility,218,Harvard Business Impact
HV1909,HV1909-VIF-ENG,KAL,1_bamhhvbz,,,How to Give and Receive Feedback About Creative Work,Harvard Business School Publishing,Limited Eligibility,218,Harvard Business Impact
HV1910,HV1910-VIF-ENG,KAL,1_hezcqfwd,,,Make Time for Small Talk in Your Virtual Meetings,Harvard Business School Publishing,Limited Eligibility,218,Harvard Business Impact
HV1911,HV1911-VIF-ENG,KAL,1_29fjplab,,,How to Tell Your Story on LinkedIn,Harvard Business School Publishing,Limited Eligibility,218,Harvard Business Impact
HV1912,HV1912-VIF-ENG,KAL,1_69mr9dmt,,,What Efficient Mentorship Looks Like,Harvard Business School Publishing,Limited Eligibility,218,Harvard Business Impact
HV1913,HV1913-VIF-ENG,KAL,1_mffvdzzg,,,Rethinking Your Approach to the Employee Experience,Harvard Business School Publishing,Limited Eligibility,218,Harvard Business Impact
HV1914,HV1914-VIF-ENG,KAL,1_tns5xhv4,,,"Managers, You Don't Have to Put Yourself Last",Harvard Business School Publishing,Limited Eligibility,218,Harvard Business Impact
HV1915,HV1915-VIF-ENG,KAL,1_fd2oopjn,,,Helping Your Team Feel the Purpose in Their Work,Harvard Business School Publishing,Limited Eligibility,218,Harvard Business Impact
HV1916,HV1916-VIF-ENG,KAL,1_sgnhjhuk,,,New to the Workforce? Here's How to Grow in Your (Virtual) Career.,Harvard Business School Publishing,Limited Eligibility,218,Harvard Business Impact
HV1917,HV1917-VIF-ENG,KAL,1_167f8m9b,,,Making Sense of the Future After Losing a Job You Love,Harvard Business School Publishing,Limited Eligibility,218,Harvard Business Impact
HV1918,HV1918-VIF-ENG,KAL,1_97c5vmjg,,,3 Tensions Leaders Need to Manage in the Hybrid Workplace,Harvard Business School Publishing,Limited Eligibility,218,Harvard Business Impact
HV1919,HV1919-VIF-ENG,KAL,1_8j54bdjw,,,3 Traits You Need to Thrive in a Hybrid Work Environment,Harvard Business School Publishing,Limited Eligibility,218,Harvard Business Impact
HV1920,HV1920-VIF-ENG,KAL,1_6jlzc5sv,,,Build a Culture That Aligns with People's Values,Harvard Business School Publishing,Limited Eligibility,218,Harvard Business Impact
HV1921,HV1921-VIF-ENG,KAL,1_pobsdul8,,,How to Act Quickly Without Sacrificing Critical Thinking,Harvard Business School Publishing,Limited Eligibility,218,Harvard Business Impact
HV1922,HV1922-VIF-ENG,KAL,1_8vyuprmn,,,How to Ask for an Email Introduction,Harvard Business School Publishing,Limited Eligibility,218,Harvard Business Impact
HV1923,HV1923-VIF-ENG,KAL,1_e79gnkda,,,Digitizing Isn't the Same as Digital Transformation,Harvard Business School Publishing,Limited Eligibility,218,Harvard Business Impact
HV1924,HV1924-VIF-ENG,KAL,1_34raw3zw,,,6 Strategies to Upskill Your Workforce,Harvard Business School Publishing,Limited Eligibility,218,Harvard Business Impact
HV1925,HV1925-VIF-ENG,KAL,1_72e9wznk,,,An ESG Reckoning Is Coming,Harvard Business School Publishing,Limited Eligibility,218,Harvard Business Impact
HV1926,HV1926-VIF-ENG,KAL,1_rlahjuce,,,How to Make Sustainability Every Employee's Responsibility,Harvard Business School Publishing,Limited Eligibility,218,Harvard Business Impact
HV1927,HV1927-VIF-ENG,KAL,1_js6mjubw,,,How to Set a Hybrid Work Schedule That Works for You,Harvard Business School Publishing,Limited Eligibility,218,Harvard Business Impact
HV1928,HV1928-VIF-ENG,KAL,1_zwro2cxx,,,How to Reach Out to a Recruiter,Harvard Business School Publishing,Limited Eligibility,218,Harvard Business Impact
HV1929,HV1929-VIF-ENG,KAL,1_4seeuzev,,,Onboarding Can Make or Break a New Hire's Experience,Harvard Business School Publishing,Limited Eligibility,218,Harvard Business Impact
HV1930,HV1930-VIF-ENG,KAL,1_r47mnuih,,,Data-Driven Decisions Start with These 4 Questions,Harvard Business School Publishing,Limited Eligibility,218,Harvard Business Impact
HV1931,HV1931-VIF-ENG,KAL,1_0qqickio,,,How to Nail a Hybrid Presentation,Harvard Business School Publishing,Limited Eligibility,218,Harvard Business Impact
HV1932,HV1932-VIF-ENG,KAL,1_u4og26hb,,,Boost Your Team's Data Literacy,Harvard Business School Publishing,Limited Eligibility,218,Harvard Business Impact
HV1933,HV1933-VIF-ENG,KAL,1_m04fj7vc,,,4 Ways to Get More Done in Less Time,Harvard Business School Publishing,Limited Eligibility,218,Harvard Business Impact
HV1934,HV1934-VIF-ENG,KAL,1_gvrt8op4,,,How to Maintain Your Professional Network Over the Years,Harvard Business School Publishing,Limited Eligibility,218,Harvard Business Impact
HV1935,HV1935-VIF-ENG,KAL,1_0w3wejko,,,"To Build New Habits, Get Comfortable Failing",Harvard Business School Publishing,Limited Eligibility,218,Harvard Business Impact
HV1936,HV1936-VIF-ENG,KAL,1_u4k7q1d4,,,4 Ways to Address Gender Bias in AI,Harvard Business School Publishing,Limited Eligibility,218,Harvard Business Impact
HV1937,HV1937-VIF-ENG,KAL,1_6vctzo8s,,,Planning Your Post-Retirement Career,Harvard Business School Publishing,Limited Eligibility,218,Harvard Business Impact
HV1938,HV1938-VIF-ENG,KAL,1_wr8vpf30,,,3 Ways to Boost Retention Through Professional Development,Harvard Business School Publishing,Limited Eligibility,218,Harvard Business Impact
HV1939,HV1939-VIF-ENG,KAL,1_7l7iixwb,,,How to Negotiate Remote and Flexible Work Arrangements with Your Boss,Harvard Business School Publishing,Limited Eligibility,218,Harvard Business Impact
HV1941,HV1941-VIF-ENG,KAL,1_ojkl7j7n,,,"If Networking Makes You Anxious, Try This",Harvard Business School Publishing,Limited Eligibility,218,Harvard Business Impact
HV1942,HV1942-VIF-ENG,KAL,1_4diyuagb,,,How to Get People to Speak Up in Virtual Meetings,Harvard Business School Publishing,Limited Eligibility,218,Harvard Business Impact
HV1943,HV1943-VIF-ENG,KAL,1_ko4h20lh,,,3 Ways to Help Your Team Recover from Disruption,Harvard Business School Publishing,Limited Eligibility,218,Harvard Business Impact
HV1944,HV1944-VIF-ENG,KAL,1_hi8z5a5s,,,ESG Impact Is Hard to Measure - But It's Not Impossible,Harvard Business School Publishing,Limited Eligibility,218,Harvard Business Impact
HV1945,HV1945-VIF-ENG,KAL,1_wsga2udi,,,How to Spark Creativity When You're in a Rut,Harvard Business School Publishing,Limited Eligibility,218,Harvard Business Impact
HV1946,HV1946-VIF-ENG,KAL,1_ood1d0dz,,,How New Managers Can Send the Right Leadership Signals,Harvard Business School Publishing,Limited Eligibility,218,Harvard Business Impact
HV1947,HV1947-VIF-ENG,KAL,1_cqb0y3ib,,,How to Strengthen Your Network When You're Just Starting Out,Harvard Business School Publishing,Limited Eligibility,218,Harvard Business Impact
HV1948,HV1948-VIF-ENG,KAL,1_mzwsdidj,,,You Are More Than the Voice in Your Head,Harvard Business School Publishing,Limited Eligibility,218,Harvard Business Impact
HV1949,HV1949-VIF-ENG,KAL,1_hq809vco,,,The 3 Phases of Making a Major Life Change,Harvard Business School Publishing,Limited Eligibility,218,Harvard Business Impact
HV1950,HV1950-VIF-ENG,KAL,1_j4k7wb2k,,,Promotions Aren't Just About Your Skills - They're About Your Relationships,Harvard Business School Publishing,Limited Eligibility,218,Harvard Business Impact
HV1951,HV1951-VIF-ENG,KAL,1_d7i88pno,,,When You're Younger Than the People You Manage,Harvard Business School Publishing,Limited Eligibility,218,Harvard Business Impact
HV1952,HV1952-VIF-ENG,KAL,1_2k9445dd,,,"Yes, It's Possible to (Gracefully) Talk Politics at Work",Harvard Business School Publishing,Limited Eligibility,218,Harvard Business Impact
HV1953,HV1953-VIF-ENG,KAL,1_9d3g6x7p,,,What It Takes to Think Deeply About Complex Problems,Harvard Business School Publishing,Limited Eligibility,218,Harvard Business Impact
HV1954,HV1954-VIF-ENG,KAL,1_zpsli1q9,,,How to Write Email with Military Precision,Harvard Business School Publishing,Limited Eligibility,218,Harvard Business Impact
HV1955,HV1955-VIF-ENG,KAL,1_mnw178gc,,,Navigating a Career Turning Point,Harvard Business School Publishing,Limited Eligibility,218,Harvard Business Review
HV1956,HV1956-VIF-ENG,KAL,1_jg0mbv24,,,Be the Mentor and Sponsor Your People Need,Harvard Business School Publishing,Limited Eligibility,218,Harvard Business Review
HV1957,HV1957-VIF-ENG,KAL,1_rcuuevoi,,,Your Career Path Doesn't Have to Be a Straight Line,Harvard Business School Publishing,Limited Eligibility,218,Harvard Business Review
HV1960,HV1960-VIF-ENG,KAL,1_pum5qctw,,,The Five T's of Great Coaches - Part 7: Do Coaches Really Matter?,Harvard Business School Publishing,Limited Eligibility,218,Harvard Business Review
HV1961,HV1961-VIF-ENG,KAL,1_cw0kc643,,,HBR: The Five T's of Great Coaches - Part 6: Transformation,Harvard Business School Publishing,Limited Eligibility,218,Harvard Business Review
HV1962,HV1962-VIF-ENG,KAL,1_jz4o0w0d,,,HBR The Five T's of Great Coaches - Part 5: Tenacity,Harvard Business School Publishing,Limited Eligibility,218,Harvard Business Review
HV1963,HV1963-VIF-ENG,KAL,1_i3jt9xtr,,,The Five T's of Great Coaches - Part 4: Teamwork,Harvard Business School Publishing,Limited Eligibility,218,Harvard Business Review
HV1964,HV1964-VIF-ENG,KAL,1_0xfobeyo,,,HBR: The Five T's of Great Coaches - Part 3: Training,Harvard Business School Publishing,Limited Eligibility,218,Harvard Business Review
HV1965,HV1965-VIF-ENG,KAL,1_7rf57mei,,,HBR: 5 T's of Great Coaches part 2: Talent,Harvard Business School Publishing,Limited Eligibility,218,Harvard Business Review
HV1966,HV1966-VIF-ENG,KAL,1_wdmfwc9x,,,5 T's of Great Coaches part 1: It's Not Only About Winning,Harvard Business School Publishing,Limited Eligibility,218,Harvard Business Review
HV1967,HV1967-VIF-ENG,KAL,1_d07cfk6o,,, A Non-Techie's 10-Minute Guide to Using GenAI,Harvard Business School Publishing,Limited Eligibility,218,Harvard Business Review
HV1968,HV1968-VIF-ENG,KAL,1_t1eammxg,,,Neurotech Is Coming to the Workplace. Here's How to Be Ready.,Harvard Business School Publishing,Limited Eligibility,218,Harvard Business Review
HV1969,HV1969-VIF-ENG,KAL,1_g07aqvl2,,,Social Media Has Made Us Narcissists - But There Is a Cure,Harvard Business School Publishing,Limited Eligibility,218,Harvard Business Review
HV1970,HV1970-VIF-ENG,KAL,1_j9cshjbt,,,"How to Get Good at Small Talk, and Even Enjoy It",Harvard Business School Publishing,Limited Eligibility,218,Harvard Business Review
HV1971,HV1971-VIF-ENG,KAL,1_3onytikm,,,What is Psychological Safety,Harvard Business School Publishing,Limited Eligibility,218,Harvard Business Review
HV1972,HV1972-VIF-ENG,KAL,1_mlat6aq8,,,"How to Answer ""What Are Your Salary Expectations?""",Harvard Business School Publishing,Limited Eligibility,218,Harvard Business Review
HV1973,HV1973-VIF-ENG,KAL,1_a7khv8u6,,,Use Strategic Thinking to Create the Life You Want,Harvard Business School Publishing,Limited Eligibility,218,Harvard Business Review
HV1975,HV1975-VIF-ENG,KAL,1_dwvjnavv,,,Gossip at Work: Benefits and Pitfalls,Harvard Business School Publishing,Limited Eligibility,218,Harvard Business Impact
HV1976,HV1976-VIF-ENG,KAL,1_l5azng6t,,,7 Key Tensions Every Leader Must Balance,Harvard Business School Publishing,Limited Eligibility,218,Harvard Business Impact
HV1977,HV1977-VIF-ENG,KAL,1_vzog4pts,,,"Transforming Heathcare, One Patient at a Time",Harvard Business School Publishing,Limited Eligibility,218,Harvard Business Impact
HV1978,HV1978-VIF-ENG,KAL,1_3kpchrc1,,,How We Bridge Digital Divides to Unlock the Power of Emerging Markets,Harvard Business School Publishing,Limited Eligibility,218,Harvard Business Impact
HV1979,HV1979-VIF-ENG,KAL,1_qqcohvc6,,,How I Upcycled Unwanted Foods Into Tasty-and Profitable-Snacks,Harvard Business School Publishing,Limited Eligibility,218,Harvard Business Impact
HV1980,HV1980-VIF-ENG,KAL,1_s72te0fq,,,How I Created a Successful Brand That Makes People Feel Something,Harvard Business School Publishing,Limited Eligibility,218,Harvard Business Impact
HV1981,HV1981-VIF-ENG,KAL,1_67qbkl3q,,,Fixing a Broken Relationship at Work,Harvard Business School Publishing,Limited Eligibility,218,Harvard Business Impact
HV1982,HV1982-VIF-ENG,KAL,1_zljp0rf1,,,How to Get People to Listen to You,Harvard Business School Publishing,Limited Eligibility,218,Harvard Business Impact
HV1983,HV1983-VIF-ENG,KAL,1_m9t9nvmi,,,We Need to Rethink Econ 101,Harvard Business School Publishing,Limited Eligibility,218,Harvard Business Impact
HV1984,HV1984-VIF-ENG,KAL,1_p5o8q9y6,,,Can Capitalism Be Both Progressive and Profitable,Harvard Business School Publishing,Limited Eligibility,218,Harvard Business Impact
HV1985,HV1985-VIF-ENG,KAL,1_w8qcwl7n,,,What Can We Learn from Failed Products and Companies? ,Harvard Business School Publishing,Limited Eligibility,218,Harvard Business Impact
HV1986,HV1986-VIF-ENG,KAL,1_1sl76qrn,,,Commander's Intent Enables Great Leadership,Harvard Business School Publishing,Limited Eligibility,218,Harvard Business Impact
HV1987,HV1987-VIF-ENG,KAL,1_bfraqf4r,,,"Power: What It Is, How to Get It, and What to Do with It",Harvard Business School Publishing,Limited Eligibility,218,Harvard Business Impact
HV1988,HV1988-VIF-ENG,KAL,1_v6jgsedt,,,Should Work Make You Happy?,Harvard Business School Publishing,Limited Eligibility,218,Harvard Business Impact
HV1989,HV1989-VIF-ENG,KAL,1_cfog1viv,,,Identity Crisis: Why Defining Yourself by Your Career Is a Problem,Harvard Business School Publishing,Limited Eligibility,218,Harvard Business Impact
HV1990,HV1990-VIF-ENG,KAL,1_loeswirv,,,Fighting Workaholism: You Are Not a Success Machine,Harvard Business School Publishing,Limited Eligibility,218,Harvard Business Impact
HV1991,HV1991-VIF-ENG,KAL,1_2l6zahvy,,, Standing Out in Your Job Interview,Harvard Business School Publishing,Limited Eligibility,218,Harvard Business Impact
HV1992,HV1992-VIF-ENG,KAL,1_cgvvel3x,,,The Explainer: The Case for More Silent Meetings,Harvard Business School Publishing,Limited Eligibility,218,Harvard Business Impact
HV1993,HV1993-VIF-ENG,KAL,1_l4jw8f5c,,,"5 types of smart, strategic questions",Harvard Business School Publishing,Limited Eligibility,218,Harvard Business Impact
HV1994,HV1994-VIF-ENG,KAL,1_ovgs95mj,,,Why Every Leader Should Journal,Harvard Business School Publishing,Limited Eligibility,218,Harvard Business Impact
HV1995,HV1995-VIF-ENG,KAL,1_w2q3sin4,,,"How Do I Gain Power at Work, Especially as a Young Person",Harvard Business School Publishing,Limited Eligibility,218,Harvard Business Impact
HV1996,HV1996-VIF-ENG,KAL,1_zl0ed29q,,,How to Work Smarter,Harvard Business School Publishing,Limited Eligibility,218,Harvard Business Impact
HV1997,HV1997-VIF-ENG,KAL,1_lxzd7pqj,,,What's the Most Effective Negotiation Tactic?,Harvard Business School Publishing,Limited Eligibility,218,Harvard Business Impact
HV1998,HV1998-VIF-ENG,KAL,1_n467r46o,,,Can Work Make You Happy? Should It?,Harvard Business School Publishing,Limited Eligibility,218,Harvard Business Impact
HV2000,HV2000-VIF-ENG,KAL,1_077bn9b5,,,Why Work Can't Love You Back,Harvard Business School Publishing,Limited Eligibility,218,Harvard Business Impact
HV2001,HV2001-VIF-ENG,KAL,1_k9wcyry1,,,Team-Building Ideas for Remote Teams,Harvard Business School Publishing,Limited Eligibility,218,Harvard Business Impact
HV2002,HV2002-VIF-ENG,KAL,1_84w1z0fd,,,What the Best Negotiators do Differently,Harvard Business School Publishing,Limited Eligibility,218,Harvard Business Impact
HV2003,HV2003-VIF-ENG,KAL,1_p93e4xli,,,Let's Talk about Feedback,Harvard Business School Publishing,Limited Eligibility,218,Harvard Business Impact
HV2004,HV2004-VIF-ENG,KAL,1_suhvqzhv,,,6 Ways to Bring Strategy into Your Work Every Day,Harvard Business School Publishing,Limited Eligibility,218,Harvard Business Impact
HV2005,HV2005-VIF-ENG,KAL,1_124uher8,,,How Starbucks Devalued its Own Brand,Harvard Business School Publishing,Limited Eligibility,218,Harvard Business Impact
HV2006,HV2006-VIF-ENG,KAL,1_xcn044mw,,,When to Decline a Networking Request,Harvard Business School Publishing,Limited Eligibility,218,Harvard Business Impact
HV2007,HV2007-VIF-ENG,KAL,1_et328oke,,,Do Compliments Make You Cringe? Here's Why,Harvard Business School Publishing,Limited Eligibility,218,Harvard Business Impact
HV2008,HV2008-VIF-ENG,KAL,1_0d8jg54d,,,What Sets Genius Teams Apart,Harvard Business School Publishing,Limited Eligibility,218,Harvard Business Impact
HV2009,HV2009-VIF-ENG,KAL,1_dr7uupwy,,,A Two-Minute Burnout Checkup,Harvard Business School Publishing,Limited Eligibility,218,Harvard Business Impact
HV2010,HV2010-VIF-ENG,KAL,1_6ogt7jbr,,,How to Avoid Meeting Overload,Harvard Business School Publishing,Limited Eligibility,218,Harvard Business Impact
HV2011,HV2011-VIF-ENG,KAL,1_a6mu7sc1,,,The Hidden Risk of Relying on AI at Work,Harvard Business School Publishing,Limited Eligibility,218,Harvard Business Impact
HV2012,HV2012-VIF-ENG,KAL,1_s38pzxt9,,,Managing Intense Stress at Work,Harvard Business School Publishing,Limited Eligibility,218,Harvard Business Impact
HV2013,HV2013-VIF-ENG,KAL,1_cgnby83m,,,5 Mistakes Managers Make When Giving Negative Feedback,Harvard Business School Publishing,Limited Eligibility,218,Harvard Business Impact
HV2014,HV2014-VIF-ENG,KAL,1_fun6y0bi,,,6 Questions to Ask During One on Ones,Harvard Business School Publishing,Limited Eligibility,218,Harvard Business Impact
HV2015,HV2015-VIF-ENG,KAL,1_q52p9uh7,,,4 Listening Skills Every Leader Should Master,Harvard Business School Publishing,Limited Eligibility,218,Harvard Business Impact
HV2016,HV2016-VIF-ENG,KAL,1_hq45yned,,,How to Make Your Team's Work More Visible,Harvard Business School Publishing,Limited Eligibility,218,Harvard Business Impact
HV2017,HV2017-VIF-ENG,KAL,1_cm2etuuv,,,How to Take Better Breaks at Work,Harvard Business School Publishing,Limited Eligibility,218,Harvard Business Impact
HV2019,HV2019-VIF-ENG,KAL,1_zmqv5nol,,,How To Get Out of a Creative Rut,Harvard Business School Publishing,Limited Eligibility,218,Harvard Business Impact
HV2020,HV2020-VIF-ENG,KAL,1_e0dv16xd,,,The Science Behind Strong Writing,Harvard Business School Publishing,Limited Eligibility,218,Harvard Business Impact
HV2021,HV2021-VIF-ENG,KAL,1_fo92czu3,,,Want to Make Better Decisions? Start Here.,Harvard Business School Publishing,Limited Eligibility,218,Harvard Business Impact
HV2022,HV2022-VIF-ENG,KAL,1_pvkyauxx,,,"Before Problem Solving Mode, Try Curiousity Mode",Harvard Business School Publishing,Limited Eligibility,218,Harvard Business Impact
